system,scope,k,question_set,id,type,question,evidence,retrieved,first_hit_rank,recall,reciprocal_rank,complete_hit,hits
Vector RAG,na,5,all20,Q01,multi,《大模型通识课》授课教师所在学院的行政负责人是谁？,doc04;doc06;doc02,doc04;doc06;doc05;doc11;doc07,1,0.6666666666666666,1.0,0,"[{""doc"": ""doc04"", ""score"": 0.683426, ""detail"": ""人工智能学院教师：李文瀚，教授，2019 年入职，研究方向为检索增强生成，主讲《大模型通识课》；赵婉晴，副教授，研究方向为知识图谱，主讲《知识图谱导论》；孙浩然，讲师，研究方向为强化学习。"", ""evidence"": true}, {""doc"": ""doc06"", ""score"": 0.602752, ""detail"": ""《大模型通识课》课程代码 AI2101，3 学分、32 学时，春季学期开设，授课教师李文瀚，面向全校本科生，无先修课程要求。"", ""evidence"": true}, {""doc"": ""doc05"", ""score"": 0.589283, ""detail"": ""计算机学院教师：周天宇，教授，研究方向为分布式系统；林小雨，副教授，研究方向为数据库系统。"", ""evidence"": false}, {""doc"": ""doc11"", ""score"": 0.552437, ""detail"": ""学生社团：AI 协会，指导教师李文瀚，每周三晚组织论文研读；机器人战队，指导教师孙浩然，每年参加全国机器人大赛。"", ""evidence"": false}, {""doc"": ""doc07"", ""score"": 0.54561, ""detail"": ""《知识图谱导论》课程代码 AI3305，2 学分，秋季学期开设，授课教师赵婉晴，面向人工智能学院研究生。"", ""evidence"": false}]"
Vector RAG,na,5,all20,Q02,multi,AI 协会的指导教师主讲课程的课程代码是什么？,doc11;doc04;doc06,doc07;doc06;doc04;doc11;doc15,2,1.0,0.5,1,"[{""doc"": ""doc07"", ""score"": 0.795045, ""detail"": ""《知识图谱导论》课程代码 AI3305，2 学分，秋季学期开设，授课教师赵婉晴，面向人工智能学院研究生。"", ""evidence"": false}, {""doc"": ""doc06"", ""score"": 0.767115, ""detail"": ""《大模型通识课》课程代码 AI2101，3 学分、32 学时，春季学期开设，授课教师李文瀚，面向全校本科生，无先修课程要求。"", ""evidence"": true}, {""doc"": ""doc04"", ""score"": 0.716172, ""detail"": ""人工智能学院教师：李文瀚，教授，2019 年入职，研究方向为检索增强生成，主讲《大模型通识课》；赵婉晴，副教授，研究方向为知识图谱，主讲《知识图谱导论》；孙浩然，讲师，研究方向为强化学习。"", ""evidence"": true}, {""doc"": ""doc11"", ""score"": 0.609674, ""detail"": ""学生社团：AI 协会，指导教师李文瀚，每周三晚组织论文研读；机器人战队，指导教师孙浩然，每年参加全国机器人大赛。"", ""evidence"": true}, {""doc"": ""doc15"", ""score"": 0.561138, ""detail"": ""国际交流：学校与 12 个国家的 47 所高校签有交换协议；人工智能学院与新加坡南洋理工大学有本科联合培养项目。"", ""evidence"": false}]"
Vector RAG,na,5,all20,Q03,multi,认知计算全国重点实验室依托的学院成立于哪一年？,doc10;doc02,doc10;doc02;doc01;doc04;doc03,1,1.0,1.0,1,"[{""doc"": ""doc10"", ""score"": 0.688067, ""detail"": ""科研平台：认知计算全国重点实验室依托人工智能学院建设；岭南超算中心由云山大学与省科技厅共建，计算机学院参与运行管理。"", ""evidence"": true}, {""doc"": ""doc02"", ""score"": 0.563081, ""detail"": ""人工智能学院成立于 2018 年，首任及现任院长为王启明教授。学院下设机器学习系、智能科学系、认知计算系三个系。"", ""evidence"": true}, {""doc"": ""doc01"", ""score"": 0.55739, ""detail"": ""云山大学位于岭南省云州市，建于 1958 年，是省属重点大学，现有全日制本科生约 2.1 万人。校训为「格物致知」。"", ""evidence"": false}, {""doc"": ""doc04"", ""score"": 0.494016, ""detail"": ""人工智能学院教师：李文瀚，教授，2019 年入职，研究方向为检索增强生成，主讲《大模型通识课》；赵婉晴，副教授，研究方向为知识图谱，主讲《知识图谱导论》；孙浩然，讲师，研究方向为强化学习。"", ""evidence"": false}, {""doc"": ""doc03"", ""score"": 0.465356, ""detail"": ""计算机学院前身为 1985 年成立的计算机系，现任院长陈国峰教授，设计算机科学与技术、软件工程两个本科专业。"", ""evidence"": false}]"
Vector RAG,na,5,all20,Q04,multi,《知识图谱导论》授课教师的研究方向是什么？,doc07;doc04,doc04;doc07;doc06;doc05;doc08,1,1.0,1.0,1,"[{""doc"": ""doc04"", ""score"": 0.720972, ""detail"": ""人工智能学院教师：李文瀚，教授，2019 年入职，研究方向为检索增强生成，主讲《大模型通识课》；赵婉晴，副教授，研究方向为知识图谱，主讲《知识图谱导论》；孙浩然，讲师，研究方向为强化学习。"", ""evidence"": true}, {""doc"": ""doc07"", ""score"": 0.65148, ""detail"": ""《知识图谱导论》课程代码 AI3305，2 学分，秋季学期开设，授课教师赵婉晴，面向人工智能学院研究生。"", ""evidence"": true}, {""doc"": ""doc06"", ""score"": 0.574162, ""detail"": ""《大模型通识课》课程代码 AI2101，3 学分、32 学时，春季学期开设，授课教师李文瀚，面向全校本科生，无先修课程要求。"", ""evidence"": false}, {""doc"": ""doc05"", ""score"": 0.557491, ""detail"": ""计算机学院教师：周天宇，教授，研究方向为分布式系统；林小雨，副教授，研究方向为数据库系统。"", ""evidence"": false}, {""doc"": ""doc08"", ""score"": 0.553879, ""detail"": ""选课规则：本科生每学期最多修 30 学分；GPA 低于 2.0 给予学术警告。先修要求：《知识图谱导论》需先修《数据结构》，《大模型通识课》无先修要求。"", ""evidence"": false}]"
Vector RAG,na,5,all20,Q05,multi,机器人战队的指导教师的研究方向是什么？,doc11;doc04,doc11;doc04;doc02;doc07;doc05,1,1.0,1.0,1,"[{""doc"": ""doc11"", ""score"": 0.782681, ""detail"": ""学生社团：AI 协会，指导教师李文瀚，每周三晚组织论文研读；机器人战队，指导教师孙浩然，每年参加全国机器人大赛。"", ""evidence"": true}, {""doc"": ""doc04"", ""score"": 0.61368, ""detail"": ""人工智能学院教师：李文瀚，教授，2019 年入职，研究方向为检索增强生成，主讲《大模型通识课》；赵婉晴，副教授，研究方向为知识图谱，主讲《知识图谱导论》；孙浩然，讲师，研究方向为强化学习。"", ""evidence"": true}, {""doc"": ""doc02"", ""score"": 0.474022, ""detail"": ""人工智能学院成立于 2018 年，首任及现任院长为王启明教授。学院下设机器学习系、智能科学系、认知计算系三个系。"", ""evidence"": false}, {""doc"": ""doc07"", ""score"": 0.467108, ""detail"": ""《知识图谱导论》课程代码 AI3305，2 学分，秋季学期开设，授课教师赵婉晴，面向人工智能学院研究生。"", ""evidence"": false}, {""doc"": ""doc05"", ""score"": 0.466466, ""detail"": ""计算机学院教师：周天宇，教授，研究方向为分布式系统；林小雨，副教授，研究方向为数据库系统。"", ""evidence"": false}]"
Vector RAG,na,5,all20,Q06,fact,云山大学的校训是什么？,doc01,doc01;doc15;doc06;doc07;doc04,1,1.0,1.0,1,"[{""doc"": ""doc01"", ""score"": 0.64523, ""detail"": ""云山大学位于岭南省云州市，建于 1958 年，是省属重点大学，现有全日制本科生约 2.1 万人。校训为「格物致知」。"", ""evidence"": true}, {""doc"": ""doc15"", ""score"": 0.53819, ""detail"": ""国际交流：学校与 12 个国家的 47 所高校签有交换协议；人工智能学院与新加坡南洋理工大学有本科联合培养项目。"", ""evidence"": false}, {""doc"": ""doc06"", ""score"": 0.530338, ""detail"": ""《大模型通识课》课程代码 AI2101，3 学分、32 学时，春季学期开设，授课教师李文瀚，面向全校本科生，无先修课程要求。"", ""evidence"": false}, {""doc"": ""doc07"", ""score"": 0.525433, ""detail"": ""《知识图谱导论》课程代码 AI3305，2 学分，秋季学期开设，授课教师赵婉晴，面向人工智能学院研究生。"", ""evidence"": false}, {""doc"": ""doc04"", ""score"": 0.510088, ""detail"": ""人工智能学院教师：李文瀚，教授，2019 年入职，研究方向为检索增强生成，主讲《大模型通识课》；赵婉晴，副教授，研究方向为知识图谱，主讲《知识图谱导论》；孙浩然，讲师，研究方向为强化学习。"", ""evidence"": false}]"
Vector RAG,na,5,all20,Q07,fact,国家奖学金的金额是多少？,doc09,doc09;doc01;doc15;doc08;doc11,1,1.0,1.0,1,"[{""doc"": ""doc09"", ""score"": 0.8462, ""detail"": ""奖学金体系：国家奖学金 8000 元/年，评定比例约 2%；校长奖学金 20000 元/年，全校每年 10 人；云山一等奖学金 3000 元/年，比例约 5%。"", ""evidence"": true}, {""doc"": ""doc01"", ""score"": 0.39258, ""detail"": ""云山大学位于岭南省云州市，建于 1958 年，是省属重点大学，现有全日制本科生约 2.1 万人。校训为「格物致知」。"", ""evidence"": false}, {""doc"": ""doc15"", ""score"": 0.341368, ""detail"": ""国际交流：学校与 12 个国家的 47 所高校签有交换协议；人工智能学院与新加坡南洋理工大学有本科联合培养项目。"", ""evidence"": false}, {""doc"": ""doc08"", ""score"": 0.325995, ""detail"": ""选课规则：本科生每学期最多修 30 学分；GPA 低于 2.0 给予学术警告。先修要求：《知识图谱导论》需先修《数据结构》，《大模型通识课》无先修要求。"", ""evidence"": false}, {""doc"": ""doc11"", ""score"": 0.245221, ""detail"": ""学生社团：AI 协会，指导教师李文瀚，每周三晚组织论文研读；机器人战队，指导教师孙浩然，每年参加全国机器人大赛。"", ""evidence"": false}]"
Vector RAG,na,5,all20,Q08,fact,图书馆每天几点到几点开放？,doc13,doc13;doc12;doc05;doc06;doc11,1,1.0,1.0,1,"[{""doc"": ""doc13"", ""score"": 0.548465, ""detail"": ""图书馆藏书 380 万册，开放时间为每天 7:00-22:00；人工智能分馆位于理科楼 B 座 3 层，收藏大模型与智能体专题图书。"", ""evidence"": true}, {""doc"": ""doc12"", ""score"": 0.487478, ""detail"": ""校历：春季学期 3 月 2 日开学、7 月 5 日放暑假；秋季学期 9 月 1 日开学、次年 1 月 15 日放寒假。"", ""evidence"": false}, {""doc"": ""doc05"", ""score"": 0.323983, ""detail"": ""计算机学院教师：周天宇，教授，研究方向为分布式系统；林小雨，副教授，研究方向为数据库系统。"", ""evidence"": false}, {""doc"": ""doc06"", ""score"": 0.287626, ""detail"": ""《大模型通识课》课程代码 AI2101，3 学分、32 学时，春季学期开设，授课教师李文瀚，面向全校本科生，无先修课程要求。"", ""evidence"": false}, {""doc"": ""doc11"", ""score"": 0.261852, ""detail"": ""学生社团：AI 协会，指导教师李文瀚，每周三晚组织论文研读；机器人战队，指导教师孙浩然，每年参加全国机器人大赛。"", ""evidence"": false}]"
Vector RAG,na,5,all20,Q09,fact,人工智能学院成立于哪一年？,doc02,doc02;doc07;doc10;doc04;doc11,1,1.0,1.0,1,"[{""doc"": ""doc02"", ""score"": 0.716225, ""detail"": ""人工智能学院成立于 2018 年，首任及现任院长为王启明教授。学院下设机器学习系、智能科学系、认知计算系三个系。"", ""evidence"": true}, {""doc"": ""doc07"", ""score"": 0.612911, ""detail"": ""《知识图谱导论》课程代码 AI3305，2 学分，秋季学期开设，授课教师赵婉晴，面向人工智能学院研究生。"", ""evidence"": false}, {""doc"": ""doc10"", ""score"": 0.596972, ""detail"": ""科研平台：认知计算全国重点实验室依托人工智能学院建设；岭南超算中心由云山大学与省科技厅共建，计算机学院参与运行管理。"", ""evidence"": false}, {""doc"": ""doc04"", ""score"": 0.591169, ""detail"": ""人工智能学院教师：李文瀚，教授，2019 年入职，研究方向为检索增强生成，主讲《大模型通识课》；赵婉晴，副教授，研究方向为知识图谱，主讲《知识图谱导论》；孙浩然，讲师，研究方向为强化学习。"", ""evidence"": false}, {""doc"": ""doc11"", ""score"": 0.533906, ""detail"": ""学生社团：AI 协会，指导教师李文瀚，每周三晚组织论文研读；机器人战队，指导教师孙浩然，每年参加全国机器人大赛。"", ""evidence"": false}]"
Vector RAG,na,5,all20,Q10,fact,春季学期什么时候开学？,doc12,doc12;doc06;doc07;doc08;doc11,1,1.0,1.0,1,"[{""doc"": ""doc12"", ""score"": 0.900176, ""detail"": ""校历：春季学期 3 月 2 日开学、7 月 5 日放暑假；秋季学期 9 月 1 日开学、次年 1 月 15 日放寒假。"", ""evidence"": true}, {""doc"": ""doc06"", ""score"": 0.546415, ""detail"": ""《大模型通识课》课程代码 AI2101，3 学分、32 学时，春季学期开设，授课教师李文瀚，面向全校本科生，无先修课程要求。"", ""evidence"": false}, {""doc"": ""doc07"", ""score"": 0.377968, ""detail"": ""《知识图谱导论》课程代码 AI3305，2 学分，秋季学期开设，授课教师赵婉晴，面向人工智能学院研究生。"", ""evidence"": false}, {""doc"": ""doc08"", ""score"": 0.333075, ""detail"": ""选课规则：本科生每学期最多修 30 学分；GPA 低于 2.0 给予学术警告。先修要求：《知识图谱导论》需先修《数据结构》，《大模型通识课》无先修要求。"", ""evidence"": false}, {""doc"": ""doc11"", ""score"": 0.321422, ""detail"": ""学生社团：AI 协会，指导教师李文瀚，每周三晚组织论文研读；机器人战队，指导教师孙浩然，每年参加全国机器人大赛。"", ""evidence"": false}]"
Vector RAG,na,5,all20,Q11,global,云山大学有哪些科研平台？分别依托谁建设？,doc10;doc02;doc03,doc10;doc05;doc15;doc01;doc03,1,0.6666666666666666,1.0,0,"[{""doc"": ""doc10"", ""score"": 0.653419, ""detail"": ""科研平台：认知计算全国重点实验室依托人工智能学院建设；岭南超算中心由云山大学与省科技厅共建，计算机学院参与运行管理。"", ""evidence"": true}, {""doc"": ""doc05"", ""score"": 0.521833, ""detail"": ""计算机学院教师：周天宇，教授，研究方向为分布式系统；林小雨，副教授，研究方向为数据库系统。"", ""evidence"": false}, {""doc"": ""doc15"", ""score"": 0.515665, ""detail"": ""国际交流：学校与 12 个国家的 47 所高校签有交换协议；人工智能学院与新加坡南洋理工大学有本科联合培养项目。"", ""evidence"": false}, {""doc"": ""doc01"", ""score"": 0.493833, ""detail"": ""云山大学位于岭南省云州市，建于 1958 年，是省属重点大学，现有全日制本科生约 2.1 万人。校训为「格物致知」。"", ""evidence"": false}, {""doc"": ""doc03"", ""score"": 0.483544, ""detail"": ""计算机学院前身为 1985 年成立的计算机系，现任院长陈国峰教授，设计算机科学与技术、软件工程两个本科专业。"", ""evidence"": true}]"
Vector RAG,na,5,all20,Q12,global,学校的学生奖励体系包含哪些项目？,doc09,doc15;doc09;doc06;doc11;doc08,2,1.0,0.5,1,"[{""doc"": ""doc15"", ""score"": 0.465685, ""detail"": ""国际交流：学校与 12 个国家的 47 所高校签有交换协议；人工智能学院与新加坡南洋理工大学有本科联合培养项目。"", ""evidence"": false}, {""doc"": ""doc09"", ""score"": 0.461102, ""detail"": ""奖学金体系：国家奖学金 8000 元/年，评定比例约 2%；校长奖学金 20000 元/年，全校每年 10 人；云山一等奖学金 3000 元/年，比例约 5%。"", ""evidence"": true}, {""doc"": ""doc06"", ""score"": 0.443418, ""detail"": ""《大模型通识课》课程代码 AI2101，3 学分、32 学时，春季学期开设，授课教师李文瀚，面向全校本科生，无先修课程要求。"", ""evidence"": false}, {""doc"": ""doc11"", ""score"": 0.430786, ""detail"": ""学生社团：AI 协会，指导教师李文瀚，每周三晚组织论文研读；机器人战队，指导教师孙浩然，每年参加全国机器人大赛。"", ""evidence"": false}, {""doc"": ""doc08"", ""score"": 0.401565, ""detail"": ""选课规则：本科生每学期最多修 30 学分；GPA 低于 2.0 给予学术警告。先修要求：《知识图谱导论》需先修《数据结构》，《大模型通识课》无先修要求。"", ""evidence"": false}]"
Vector RAG,na,5,all20,Q13,global,人工智能学院有哪些教师？各自做什么研究方向？,doc04,doc04;doc07;doc02;doc10;doc11,1,1.0,1.0,1,"[{""doc"": ""doc04"", ""score"": 0.810867, ""detail"": ""人工智能学院教师：李文瀚，教授，2019 年入职，研究方向为检索增强生成，主讲《大模型通识课》；赵婉晴，副教授，研究方向为知识图谱，主讲《知识图谱导论》；孙浩然，讲师，研究方向为强化学习。"", ""evidence"": true}, {""doc"": ""doc07"", ""score"": 0.706904, ""detail"": ""《知识图谱导论》课程代码 AI3305，2 学分，秋季学期开设，授课教师赵婉晴，面向人工智能学院研究生。"", ""evidence"": false}, {""doc"": ""doc02"", ""score"": 0.706727, ""detail"": ""人工智能学院成立于 2018 年，首任及现任院长为王启明教授。学院下设机器学习系、智能科学系、认知计算系三个系。"", ""evidence"": false}, {""doc"": ""doc10"", ""score"": 0.676274, ""detail"": ""科研平台：认知计算全国重点实验室依托人工智能学院建设；岭南超算中心由云山大学与省科技厅共建，计算机学院参与运行管理。"", ""evidence"": false}, {""doc"": ""doc11"", ""score"": 0.668337, ""detail"": ""学生社团：AI 协会，指导教师李文瀚，每周三晚组织论文研读；机器人战队，指导教师孙浩然，每年参加全国机器人大赛。"", ""evidence"": false}]"
Vector RAG,na,5,all20,Q14,global,本科生选课有哪些限制和先修要求？,doc08,doc08;doc06;doc05;doc15;doc07,1,1.0,1.0,1,"[{""doc"": ""doc08"", ""score"": 0.680267, ""detail"": ""选课规则：本科生每学期最多修 30 学分；GPA 低于 2.0 给予学术警告。先修要求：《知识图谱导论》需先修《数据结构》，《大模型通识课》无先修要求。"", ""evidence"": true}, {""doc"": ""doc06"", ""score"": 0.592484, ""detail"": ""《大模型通识课》课程代码 AI2101，3 学分、32 学时，春季学期开设，授课教师李文瀚，面向全校本科生，无先修课程要求。"", ""evidence"": false}, {""doc"": ""doc05"", ""score"": 0.449296, ""detail"": ""计算机学院教师：周天宇，教授，研究方向为分布式系统；林小雨，副教授，研究方向为数据库系统。"", ""evidence"": false}, {""doc"": ""doc15"", ""score"": 0.426331, ""detail"": ""国际交流：学校与 12 个国家的 47 所高校签有交换协议；人工智能学院与新加坡南洋理工大学有本科联合培养项目。"", ""evidence"": false}, {""doc"": ""doc07"", ""score"": 0.407914, ""detail"": ""《知识图谱导论》课程代码 AI3305，2 学分，秋季学期开设，授课教师赵婉晴，面向人工智能学院研究生。"", ""evidence"": false}]"
Vector RAG,na,5,all20,Q15,global,对想深入学习大模型的学生，学校提供哪些课程和课外活动？,doc06;doc11,doc06;doc04;doc08;doc07;doc11,1,1.0,1.0,1,"[{""doc"": ""doc06"", ""score"": 0.697189, ""detail"": ""《大模型通识课》课程代码 AI2101，3 学分、32 学时，春季学期开设，授课教师李文瀚，面向全校本科生，无先修课程要求。"", ""evidence"": true}, {""doc"": ""doc04"", ""score"": 0.556546, ""detail"": ""人工智能学院教师：李文瀚，教授，2019 年入职，研究方向为检索增强生成，主讲《大模型通识课》；赵婉晴，副教授，研究方向为知识图谱，主讲《知识图谱导论》；孙浩然，讲师，研究方向为强化学习。"", ""evidence"": false}, {""doc"": ""doc08"", ""score"": 0.554039, ""detail"": ""选课规则：本科生每学期最多修 30 学分；GPA 低于 2.0 给予学术警告。先修要求：《知识图谱导论》需先修《数据结构》，《大模型通识课》无先修要求。"", ""evidence"": false}, {""doc"": ""doc07"", ""score"": 0.52306, ""detail"": ""《知识图谱导论》课程代码 AI3305，2 学分，秋季学期开设，授课教师赵婉晴，面向人工智能学院研究生。"", ""evidence"": false}, {""doc"": ""doc11"", ""score"": 0.512036, ""detail"": ""学生社团：AI 协会，指导教师李文瀚，每周三晚组织论文研读；机器人战队，指导教师孙浩然，每年参加全国机器人大赛。"", ""evidence"": true}]"
Vector RAG,na,5,all20,Q16,fact,校内校巴每隔多少分钟一班？,doc14,doc14;doc08;doc06;doc11;doc12,1,1.0,1.0,1,"[{""doc"": ""doc14"", ""score"": 0.503332, ""detail"": ""校园交通：地铁 3 号线「云大站」距东门 200 米；校内校巴共 5 条线路，10 分钟一班。"", ""evidence"": true}, {""doc"": ""doc08"", ""score"": 0.450854, ""detail"": ""选课规则：本科生每学期最多修 30 学分；GPA 低于 2.0 给予学术警告。先修要求：《知识图谱导论》需先修《数据结构》，《大模型通识课》无先修要求。"", ""evidence"": false}, {""doc"": ""doc06"", ""score"": 0.437953, ""detail"": ""《大模型通识课》课程代码 AI2101，3 学分、32 学时，春季学期开设，授课教师李文瀚，面向全校本科生，无先修课程要求。"", ""evidence"": false}, {""doc"": ""doc11"", ""score"": 0.411036, ""detail"": ""学生社团：AI 协会，指导教师李文瀚，每周三晚组织论文研读；机器人战队，指导教师孙浩然，每年参加全国机器人大赛。"", ""evidence"": false}, {""doc"": ""doc12"", ""score"": 0.391076, ""detail"": ""校历：春季学期 3 月 2 日开学、7 月 5 日放暑假；秋季学期 9 月 1 日开学、次年 1 月 15 日放寒假。"", ""evidence"": false}]"
Vector RAG,na,5,all20,Q17,fact,云山一等奖学金每年的金额是多少？,doc09,doc09;doc01;doc08;doc15;doc07,1,1.0,1.0,1,"[{""doc"": ""doc09"", ""score"": 0.830285, ""detail"": ""奖学金体系：国家奖学金 8000 元/年，评定比例约 2%；校长奖学金 20000 元/年，全校每年 10 人；云山一等奖学金 3000 元/年，比例约 5%。"", ""evidence"": true}, {""doc"": ""doc01"", ""score"": 0.455587, ""detail"": ""云山大学位于岭南省云州市，建于 1958 年，是省属重点大学，现有全日制本科生约 2.1 万人。校训为「格物致知」。"", ""evidence"": false}, {""doc"": ""doc08"", ""score"": 0.374311, ""detail"": ""选课规则：本科生每学期最多修 30 学分；GPA 低于 2.0 给予学术警告。先修要求：《知识图谱导论》需先修《数据结构》，《大模型通识课》无先修要求。"", ""evidence"": false}, {""doc"": ""doc15"", ""score"": 0.337681, ""detail"": ""国际交流：学校与 12 个国家的 47 所高校签有交换协议；人工智能学院与新加坡南洋理工大学有本科联合培养项目。"", ""evidence"": false}, {""doc"": ""doc07"", ""score"": 0.28992, ""detail"": ""《知识图谱导论》课程代码 AI3305，2 学分，秋季学期开设，授课教师赵婉晴，面向人工智能学院研究生。"", ""evidence"": false}]"
Vector RAG,na,5,all20,Q18,multi,《大模型通识课》的主讲教师指导哪个学生社团？,doc06;doc04;doc11,doc06;doc04;doc11;doc05;doc07,1,1.0,1.0,1,"[{""doc"": ""doc06"", ""score"": 0.67002, ""detail"": ""《大模型通识课》课程代码 AI2101，3 学分、32 学时，春季学期开设，授课教师李文瀚，面向全校本科生，无先修课程要求。"", ""evidence"": true}, {""doc"": ""doc04"", ""score"": 0.666309, ""detail"": ""人工智能学院教师：李文瀚，教授，2019 年入职，研究方向为检索增强生成，主讲《大模型通识课》；赵婉晴，副教授，研究方向为知识图谱，主讲《知识图谱导论》；孙浩然，讲师，研究方向为强化学习。"", ""evidence"": true}, {""doc"": ""doc11"", ""score"": 0.590355, ""detail"": ""学生社团：AI 协会，指导教师李文瀚，每周三晚组织论文研读；机器人战队，指导教师孙浩然，每年参加全国机器人大赛。"", ""evidence"": true}, {""doc"": ""doc05"", ""score"": 0.579988, ""detail"": ""计算机学院教师：周天宇，教授，研究方向为分布式系统；林小雨，副教授，研究方向为数据库系统。"", ""evidence"": false}, {""doc"": ""doc07"", ""score"": 0.547776, ""detail"": ""《知识图谱导论》课程代码 AI3305，2 学分，秋季学期开设，授课教师赵婉晴，面向人工智能学院研究生。"", ""evidence"": false}]"
Vector RAG,na,5,all20,Q19,multi,机器人战队指导教师所在学院的院长是谁？,doc11;doc04;doc02,doc11;doc04;doc02;doc05;doc10,1,1.0,1.0,1,"[{""doc"": ""doc11"", ""score"": 0.694695, ""detail"": ""学生社团：AI 协会，指导教师李文瀚，每周三晚组织论文研读；机器人战队，指导教师孙浩然，每年参加全国机器人大赛。"", ""evidence"": true}, {""doc"": ""doc04"", ""score"": 0.540262, ""detail"": ""人工智能学院教师：李文瀚，教授，2019 年入职，研究方向为检索增强生成，主讲《大模型通识课》；赵婉晴，副教授，研究方向为知识图谱，主讲《知识图谱导论》；孙浩然，讲师，研究方向为强化学习。"", ""evidence"": true}, {""doc"": ""doc02"", ""score"": 0.509328, ""detail"": ""人工智能学院成立于 2018 年，首任及现任院长为王启明教授。学院下设机器学习系、智能科学系、认知计算系三个系。"", ""evidence"": true}, {""doc"": ""doc05"", ""score"": 0.45215, ""detail"": ""计算机学院教师：周天宇，教授，研究方向为分布式系统；林小雨，副教授，研究方向为数据库系统。"", ""evidence"": false}, {""doc"": ""doc10"", ""score"": 0.40989, ""detail"": ""科研平台：认知计算全国重点实验室依托人工智能学院建设；岭南超算中心由云山大学与省科技厅共建，计算机学院参与运行管理。"", ""evidence"": false}]"
Vector RAG,na,5,all20,Q20,global,学校提供哪些国际交流机会？人工智能学院参与了什么项目？,doc15,doc15;doc10;doc04;doc11;doc07,1,1.0,1.0,1,"[{""doc"": ""doc15"", ""score"": 0.794588, ""detail"": ""国际交流：学校与 12 个国家的 47 所高校签有交换协议；人工智能学院与新加坡南洋理工大学有本科联合培养项目。"", ""evidence"": true}, {""doc"": ""doc10"", ""score"": 0.628631, ""detail"": ""科研平台：认知计算全国重点实验室依托人工智能学院建设；岭南超算中心由云山大学与省科技厅共建，计算机学院参与运行管理。"", ""evidence"": false}, {""doc"": ""doc04"", ""score"": 0.628276, ""detail"": ""人工智能学院教师：李文瀚，教授，2019 年入职，研究方向为检索增强生成，主讲《大模型通识课》；赵婉晴，副教授，研究方向为知识图谱，主讲《知识图谱导论》；孙浩然，讲师，研究方向为强化学习。"", ""evidence"": false}, {""doc"": ""doc11"", ""score"": 0.619661, ""detail"": ""学生社团：AI 协会，指导教师李文瀚，每周三晚组织论文研读；机器人战队，指导教师孙浩然，每年参加全国机器人大赛。"", ""evidence"": false}, {""doc"": ""doc07"", ""score"": 0.576975, ""detail"": ""《知识图谱导论》课程代码 AI3305，2 学分，秋季学期开设，授课教师赵婉晴，面向人工智能学院研究生。"", ""evidence"": false}]"
GraphRAG,local,5,all20,Q01,multi,《大模型通识课》授课教师所在学院的行政负责人是谁？,doc04;doc06;doc02,doc06;doc11;doc02;doc04;doc10,1,1.0,1.0,1,"[{""doc"": ""doc06"", ""score"": 0.686135, ""detail"": ""李文瀚—主讲→大模型通识课"", ""evidence"": true}, {""doc"": ""doc11"", ""score"": 0.684209, ""detail"": ""AI 协会—指导教师→李文瀚"", ""evidence"": false}, {""doc"": ""doc02"", ""score"": 0.670591, ""detail"": ""人工智能学院—院长→王启明"", ""evidence"": true}, {""doc"": ""doc04"", ""score"": 0.589695, ""detail"": ""李文瀚—职称→教授"", ""evidence"": true}, {""doc"": ""doc10"", ""score"": 0.515241, ""detail"": ""认知计算全国重点实验室—依托→人工智能学院"", ""evidence"": false}]"
GraphRAG,local,5,all20,Q02,multi,AI 协会的指导教师主讲课程的课程代码是什么？,doc11;doc04;doc06,doc11;doc06;doc02;doc04;doc10,1,1.0,1.0,1,"[{""doc"": ""doc11"", ""score"": 0.819371, ""detail"": ""AI 协会—指导教师→李文瀚"", ""evidence"": true}, {""doc"": ""doc06"", ""score"": 0.77184, ""detail"": ""大模型通识课—课程代码→AI2101"", ""evidence"": true}, {""doc"": ""doc02"", ""score"": 0.728357, ""detail"": ""人工智能学院—下设系→机器学习系"", ""evidence"": false}, {""doc"": ""doc04"", ""score"": 0.611468, ""detail"": ""孙浩然—任职于→人工智能学院"", ""evidence"": true}, {""doc"": ""doc10"", ""score"": 0.545948, ""detail"": ""认知计算全国重点实验室—依托→人工智能学院"", ""evidence"": false}]"
GraphRAG,local,5,all20,Q03,multi,认知计算全国重点实验室依托的学院成立于哪一年？,doc10;doc02,doc10;doc02;doc04;doc11;doc06,1,1.0,1.0,1,"[{""doc"": ""doc10"", ""score"": 0.738468, ""detail"": ""认知计算全国重点实验室—依托→人工智能学院"", ""evidence"": true}, {""doc"": ""doc02"", ""score"": 0.620956, ""detail"": ""人工智能学院—成立于→2018 年"", ""evidence"": true}, {""doc"": ""doc04"", ""score"": 0.562667, ""detail"": ""李文瀚—任职于→人工智能学院"", ""evidence"": false}, {""doc"": ""doc11"", ""score"": 0.411798, ""detail"": ""AI 协会—指导教师→李文瀚"", ""evidence"": false}, {""doc"": ""doc06"", ""score"": 0.355813, ""detail"": ""李文瀚—主讲→大模型通识课"", ""evidence"": false}]"
GraphRAG,local,5,all20,Q04,multi,《知识图谱导论》授课教师的研究方向是什么？,doc07;doc04,doc08;doc07;doc04;doc02;doc10,2,1.0,0.5,1,"[{""doc"": ""doc08"", ""score"": 0.824635, ""detail"": ""知识图谱导论—先修课程→数据结构"", ""evidence"": false}, {""doc"": ""doc07"", ""score"": 0.763877, ""detail"": ""知识图谱导论—课程代码→AI3305"", ""evidence"": true}, {""doc"": ""doc04"", ""score"": 0.628179, ""detail"": ""赵婉晴—研究方向→知识图谱"", ""evidence"": true}, {""doc"": ""doc02"", ""score"": 0.510353, ""detail"": ""人工智能学院—下设系→机器学习系"", ""evidence"": false}, {""doc"": ""doc10"", ""score"": 0.490823, ""detail"": ""认知计算全国重点实验室—依托→人工智能学院"", ""evidence"": false}]"
GraphRAG,local,5,all20,Q05,multi,机器人战队的指导教师的研究方向是什么？,doc11;doc04,doc11;doc02;doc04;doc10,1,1.0,1.0,1,"[{""doc"": ""doc11"", ""score"": 0.907992, ""detail"": ""机器人战队—指导教师→孙浩然"", ""evidence"": true}, {""doc"": ""doc02"", ""score"": 0.636048, ""detail"": ""人工智能学院—下设系→机器学习系"", ""evidence"": false}, {""doc"": ""doc04"", ""score"": 0.601106, ""detail"": ""孙浩然—任职于→人工智能学院"", ""evidence"": true}, {""doc"": ""doc10"", ""score"": 0.510457, ""detail"": ""认知计算全国重点实验室—依托→人工智能学院"", ""evidence"": false}]"
GraphRAG,local,5,all20,Q06,fact,云山大学的校训是什么？,doc01,doc01,1,1.0,1.0,1,"[{""doc"": ""doc01"", ""score"": 0.896995, ""detail"": ""云山大学—校训→格物致知"", ""evidence"": true}]"
GraphRAG,local,5,all20,Q07,fact,国家奖学金的金额是多少？,doc09,doc09,1,1.0,1.0,1,"[{""doc"": ""doc09"", ""score"": 0.88758, ""detail"": ""国家奖学金—金额→8000 元/年"", ""evidence"": true}]"
GraphRAG,local,5,all20,Q08,fact,图书馆每天几点到几点开放？,doc13,doc13,1,1.0,1.0,1,"[{""doc"": ""doc13"", ""score"": 0.476171, ""detail"": ""图书馆—藏书量→380 万册"", ""evidence"": true}]"
GraphRAG,local,5,all20,Q09,fact,人工智能学院成立于哪一年？,doc02,doc02;doc04;doc11;doc10;doc07,1,1.0,1.0,1,"[{""doc"": ""doc02"", ""score"": 0.836243, ""detail"": ""人工智能学院—成立于→2018 年"", ""evidence"": true}, {""doc"": ""doc04"", ""score"": 0.667059, ""detail"": ""孙浩然—任职于→人工智能学院"", ""evidence"": false}, {""doc"": ""doc11"", ""score"": 0.65166, ""detail"": ""AI 协会—指导教师→李文瀚"", ""evidence"": false}, {""doc"": ""doc10"", ""score"": 0.580171, ""detail"": ""认知计算全国重点实验室—依托→人工智能学院"", ""evidence"": false}, {""doc"": ""doc07"", ""score"": 0.420426, ""detail"": ""知识图谱导论—课程代码→AI3305"", ""evidence"": false}]"
GraphRAG,local,5,all20,Q10,fact,春季学期什么时候开学？,doc12,doc12;doc06;doc04;doc11,1,1.0,1.0,1,"[{""doc"": ""doc12"", ""score"": 0.91306, ""detail"": ""春季学期—开学日期→3 月 2 日"", ""evidence"": true}, {""doc"": ""doc06"", ""score"": 0.658644, ""detail"": ""大模型通识课—开设学期→春季学期"", ""evidence"": false}, {""doc"": ""doc04"", ""score"": 0.394273, ""detail"": ""李文瀚—入职年份→2019 年"", ""evidence"": false}, {""doc"": ""doc11"", ""score"": 0.212357, ""detail"": ""AI 协会—指导教师→李文瀚"", ""evidence"": false}]"
GraphRAG,local,5,all20,Q11,global,云山大学有哪些科研平台？分别依托谁建设？,doc10;doc02;doc03,doc01,0,0.0,0.0,0,"[{""doc"": ""doc01"", ""score"": 0.703714, ""detail"": ""云山大学—校训→格物致知"", ""evidence"": false}]"
GraphRAG,local,5,all20,Q12,global,学校的学生奖励体系包含哪些项目？,doc09,doc09;doc11;doc13;doc02;doc04,1,1.0,1.0,1,"[{""doc"": ""doc09"", ""score"": 0.479209, ""detail"": ""社区 C3 学生生活：奖学金分国家（8000 元）、校长（20000 元）、云山一等（3000 元）三级；社团有 AI 协会与机器人战队，图书馆藏书 380 万册、7:00-22:00 开放。"", ""evidence"": true}, {""doc"": ""doc11"", ""score"": 0.479209, ""detail"": ""社区 C3 学生生活：奖学金分国家（8000 元）、校长（20000 元）、云山一等（3000 元）三级；社团有 AI 协会与机器人战队，图书馆藏书 380 万册、7:00-22:00 开放。"", ""evidence"": false}, {""doc"": ""doc13"", ""score"": 0.479209, ""detail"": ""社区 C3 学生生活：奖学金分国家（8000 元）、校长（20000 元）、云山一等（3000 元）三级；社团有 AI 协会与机器人战队，图书馆藏书 380 万册、7:00-22:00 开放。"", ""evidence"": false}, {""doc"": ""doc02"", ""score"": 0.363915, ""detail"": ""社区 C1 教学与课程：人工智能学院设三个系，开设《大模型通识课》（AI2101，李文瀚主讲）与《知识图谱导论》（AI3305，赵婉晴主讲），AI3305 需先修《数据结构》。"", ""evidence"": false}, {""doc"": ""doc04"", ""score"": 0.363915, ""detail"": ""社区 C1 教学与课程：人工智能学院设三个系，开设《大模型通识课》（AI2101，李文瀚主讲）与《知识图谱导论》（AI3305，赵婉晴主讲），AI3305 需先修《数据结构》。"", ""evidence"": false}]"
GraphRAG,local,5,all20,Q13,global,人工智能学院有哪些教师？各自做什么研究方向？,doc04,doc11;doc02;doc04;doc10;doc06,3,1.0,0.3333333333333333,1,"[{""doc"": ""doc11"", ""score"": 0.839301, ""detail"": ""AI 协会—指导教师→李文瀚"", ""evidence"": false}, {""doc"": ""doc02"", ""score"": 0.799742, ""detail"": ""人工智能学院—下设系→智能科学系"", ""evidence"": false}, {""doc"": ""doc04"", ""score"": 0.730732, ""detail"": ""孙浩然—任职于→人工智能学院"", ""evidence"": true}, {""doc"": ""doc10"", ""score"": 0.665375, ""detail"": ""认知计算全国重点实验室—依托→人工智能学院"", ""evidence"": false}, {""doc"": ""doc06"", ""score"": 0.556072, ""detail"": ""大模型通识课—课程代码→AI2101"", ""evidence"": false}]"
GraphRAG,local,5,all20,Q14,global,本科生选课有哪些限制和先修要求？,doc08,doc02;doc04;doc06;doc07;doc08,5,1.0,0.2,1,"[{""doc"": ""doc02"", ""score"": 0.350276, ""detail"": ""社区 C1 教学与课程：人工智能学院设三个系，开设《大模型通识课》（AI2101，李文瀚主讲）与《知识图谱导论》（AI3305，赵婉晴主讲），AI3305 需先修《数据结构》。"", ""evidence"": false}, {""doc"": ""doc04"", ""score"": 0.350276, ""detail"": ""社区 C1 教学与课程：人工智能学院设三个系，开设《大模型通识课》（AI2101，李文瀚主讲）与《知识图谱导论》（AI3305，赵婉晴主讲），AI3305 需先修《数据结构》。"", ""evidence"": false}, {""doc"": ""doc06"", ""score"": 0.350276, ""detail"": ""社区 C1 教学与课程：人工智能学院设三个系，开设《大模型通识课》（AI2101，李文瀚主讲）与《知识图谱导论》（AI3305，赵婉晴主讲），AI3305 需先修《数据结构》。"", ""evidence"": false}, {""doc"": ""doc07"", ""score"": 0.350276, ""detail"": ""社区 C1 教学与课程：人工智能学院设三个系，开设《大模型通识课》（AI2101，李文瀚主讲）与《知识图谱导论》（AI3305，赵婉晴主讲），AI3305 需先修《数据结构》。"", ""evidence"": false}, {""doc"": ""doc08"", ""score"": 0.350276, ""detail"": ""社区 C1 教学与课程：人工智能学院设三个系，开设《大模型通识课》（AI2101，李文瀚主讲）与《知识图谱导论》（AI3305，赵婉晴主讲），AI3305 需先修《数据结构》。"", ""evidence"": true}]"
GraphRAG,local,5,all20,Q15,global,对想深入学习大模型的学生，学校提供哪些课程和课外活动？,doc06;doc11,doc02;doc04;doc06;doc07;doc08,3,0.5,0.3333333333333333,0,"[{""doc"": ""doc02"", ""score"": 0.52265, ""detail"": ""社区 C1 教学与课程：人工智能学院设三个系，开设《大模型通识课》（AI2101，李文瀚主讲）与《知识图谱导论》（AI3305，赵婉晴主讲），AI3305 需先修《数据结构》。"", ""evidence"": false}, {""doc"": ""doc04"", ""score"": 0.52265, ""detail"": ""社区 C1 教学与课程：人工智能学院设三个系，开设《大模型通识课》（AI2101，李文瀚主讲）与《知识图谱导论》（AI3305，赵婉晴主讲），AI3305 需先修《数据结构》。"", ""evidence"": false}, {""doc"": ""doc06"", ""score"": 0.52265, ""detail"": ""社区 C1 教学与课程：人工智能学院设三个系，开设《大模型通识课》（AI2101，李文瀚主讲）与《知识图谱导论》（AI3305，赵婉晴主讲），AI3305 需先修《数据结构》。"", ""evidence"": true}, {""doc"": ""doc07"", ""score"": 0.52265, ""detail"": ""社区 C1 教学与课程：人工智能学院设三个系，开设《大模型通识课》（AI2101，李文瀚主讲）与《知识图谱导论》（AI3305，赵婉晴主讲），AI3305 需先修《数据结构》。"", ""evidence"": false}, {""doc"": ""doc08"", ""score"": 0.52265, ""detail"": ""社区 C1 教学与课程：人工智能学院设三个系，开设《大模型通识课》（AI2101，李文瀚主讲）与《知识图谱导论》（AI3305，赵婉晴主讲），AI3305 需先修《数据结构》。"", ""evidence"": false}]"
GraphRAG,local,5,all20,Q16,fact,校内校巴每隔多少分钟一班？,doc14,doc09;doc11;doc13;doc02;doc04,0,0.0,0.0,0,"[{""doc"": ""doc09"", ""score"": 0.371965, ""detail"": ""社区 C3 学生生活：奖学金分国家（8000 元）、校长（20000 元）、云山一等（3000 元）三级；社团有 AI 协会与机器人战队，图书馆藏书 380 万册、7:00-22:00 开放。"", ""evidence"": false}, {""doc"": ""doc11"", ""score"": 0.371965, ""detail"": ""社区 C3 学生生活：奖学金分国家（8000 元）、校长（20000 元）、云山一等（3000 元）三级；社团有 AI 协会与机器人战队，图书馆藏书 380 万册、7:00-22:00 开放。"", ""evidence"": false}, {""doc"": ""doc13"", ""score"": 0.371965, ""detail"": ""社区 C3 学生生活：奖学金分国家（8000 元）、校长（20000 元）、云山一等（3000 元）三级；社团有 AI 协会与机器人战队，图书馆藏书 380 万册、7:00-22:00 开放。"", ""evidence"": false}, {""doc"": ""doc02"", ""score"": 0.206755, ""detail"": ""社区 C1 教学与课程：人工智能学院设三个系，开设《大模型通识课》（AI2101，李文瀚主讲）与《知识图谱导论》（AI3305，赵婉晴主讲），AI3305 需先修《数据结构》。"", ""evidence"": false}, {""doc"": ""doc04"", ""score"": 0.206755, ""detail"": ""社区 C1 教学与课程：人工智能学院设三个系，开设《大模型通识课》（AI2101，李文瀚主讲）与《知识图谱导论》（AI3305，赵婉晴主讲），AI3305 需先修《数据结构》。"", ""evidence"": false}]"
GraphRAG,local,5,all20,Q17,fact,云山一等奖学金每年的金额是多少？,doc09,doc09,1,1.0,1.0,1,"[{""doc"": ""doc09"", ""score"": 0.850667, ""detail"": ""云山一等奖学金—金额→3000 元/年"", ""evidence"": true}]"
GraphRAG,local,5,all20,Q18,multi,《大模型通识课》的主讲教师指导哪个学生社团？,doc06;doc04;doc11,doc06;doc11;doc02;doc04;doc10,1,1.0,1.0,1,"[{""doc"": ""doc06"", ""score"": 0.74496, ""detail"": ""大模型通识课—学分→3 学分"", ""evidence"": true}, {""doc"": ""doc11"", ""score"": 0.607784, ""detail"": ""AI 协会—指导教师→李文瀚"", ""evidence"": true}, {""doc"": ""doc02"", ""score"": 0.541595, ""detail"": ""人工智能学院—院长→王启明"", ""evidence"": false}, {""doc"": ""doc04"", ""score"": 0.514075, ""detail"": ""李文瀚—职称→教授"", ""evidence"": true}, {""doc"": ""doc10"", ""score"": 0.466521, ""detail"": ""认知计算全国重点实验室—依托→人工智能学院"", ""evidence"": false}]"
GraphRAG,local,5,all20,Q19,multi,机器人战队指导教师所在学院的院长是谁？,doc11;doc04;doc02,doc11;doc02;doc04;doc10,1,1.0,1.0,1,"[{""doc"": ""doc11"", ""score"": 0.856019, ""detail"": ""机器人战队—指导教师→孙浩然"", ""evidence"": true}, {""doc"": ""doc02"", ""score"": 0.666317, ""detail"": ""人工智能学院—院长→王启明"", ""evidence"": true}, {""doc"": ""doc04"", ""score"": 0.628446, ""detail"": ""孙浩然—任职于→人工智能学院"", ""evidence"": true}, {""doc"": ""doc10"", ""score"": 0.443084, ""detail"": ""认知计算全国重点实验室—依托→人工智能学院"", ""evidence"": false}]"
GraphRAG,local,5,all20,Q20,global,学校提供哪些国际交流机会？人工智能学院参与了什么项目？,doc15,doc11;doc02;doc04;doc10;doc06,0,0.0,0.0,0,"[{""doc"": ""doc11"", ""score"": 0.719391, ""detail"": ""AI 协会—指导教师→李文瀚"", ""evidence"": false}, {""doc"": ""doc02"", ""score"": 0.701314, ""detail"": ""人工智能学院—成立于→2018 年"", ""evidence"": false}, {""doc"": ""doc04"", ""score"": 0.629609, ""detail"": ""李文瀚—任职于→人工智能学院"", ""evidence"": false}, {""doc"": ""doc10"", ""score"": 0.578063, ""detail"": ""认知计算全国重点实验室—依托→人工智能学院"", ""evidence"": false}, {""doc"": ""doc06"", ""score"": 0.494517, ""detail"": ""大模型通识课—课程代码→AI2101"", ""evidence"": false}]"
WikiRAG,na,5,all20,Q01,multi,《大模型通识课》授课教师所在学院的行政负责人是谁？,doc04;doc06;doc02,doc04;doc11;doc06;doc02;doc10,1,1.0,1.0,1,"[{""doc"": ""doc04"", ""score"": 0.671299, ""detail"": ""人工智能学院教师"", ""evidence"": true}, {""doc"": ""doc11"", ""score"": 0.671299, ""detail"": ""人工智能学院教师"", ""evidence"": false}, {""doc"": ""doc06"", ""score"": 0.629428, ""detail"": ""大模型通识课"", ""evidence"": true}, {""doc"": ""doc02"", ""score"": 0.551847, ""detail"": ""人工智能学院"", ""evidence"": true}, {""doc"": ""doc10"", ""score"": 0.551847, ""detail"": ""人工智能学院"", ""evidence"": false}]"
WikiRAG,na,5,all20,Q02,multi,AI 协会的指导教师主讲课程的课程代码是什么？,doc11;doc04;doc06,doc07;doc08;doc04;doc11;doc06,3,1.0,0.3333333333333333,1,"[{""doc"": ""doc07"", ""score"": 0.678776, ""detail"": ""知识图谱导论"", ""evidence"": false}, {""doc"": ""doc08"", ""score"": 0.678776, ""detail"": ""知识图谱导论"", ""evidence"": false}, {""doc"": ""doc04"", ""score"": 0.669253, ""detail"": ""人工智能学院教师"", ""evidence"": true}, {""doc"": ""doc11"", ""score"": 0.669253, ""detail"": ""人工智能学院教师"", ""evidence"": true}, {""doc"": ""doc06"", ""score"": 0.65566, ""detail"": ""大模型通识课"", ""evidence"": true}]"
WikiRAG,na,5,all20,Q03,multi,认知计算全国重点实验室依托的学院成立于哪一年？,doc10;doc02,doc02;doc10;doc15;doc03;doc01,1,1.0,1.0,1,"[{""doc"": ""doc02"", ""score"": 0.695022, ""detail"": ""人工智能学院"", ""evidence"": true}, {""doc"": ""doc10"", ""score"": 0.695022, ""detail"": ""人工智能学院"", ""evidence"": true}, {""doc"": ""doc15"", ""score"": 0.695022, ""detail"": ""人工智能学院"", ""evidence"": false}, {""doc"": ""doc03"", ""score"": 0.551452, ""detail"": ""计算机学院"", ""evidence"": false}, {""doc"": ""doc01"", ""score"": 0.546112, ""detail"": ""云山大学"", ""evidence"": false}]"
WikiRAG,na,5,all20,Q04,multi,《知识图谱导论》授课教师的研究方向是什么？,doc07;doc04,doc07;doc08;doc04;doc11;doc06,1,1.0,1.0,1,"[{""doc"": ""doc07"", ""score"": 0.713618, ""detail"": ""知识图谱导论"", ""evidence"": true}, {""doc"": ""doc08"", ""score"": 0.713618, ""detail"": ""知识图谱导论"", ""evidence"": false}, {""doc"": ""doc04"", ""score"": 0.638019, ""detail"": ""人工智能学院教师"", ""evidence"": true}, {""doc"": ""doc11"", ""score"": 0.638019, ""detail"": ""人工智能学院教师"", ""evidence"": false}, {""doc"": ""doc06"", ""score"": 0.568744, ""detail"": ""大模型通识课"", ""evidence"": false}]"
WikiRAG,na,5,all20,Q05,multi,机器人战队的指导教师的研究方向是什么？,doc11;doc04,doc04;doc11;doc13;doc02;doc10,1,1.0,1.0,1,"[{""doc"": ""doc04"", ""score"": 0.715674, ""detail"": ""人工智能学院教师"", ""evidence"": true}, {""doc"": ""doc11"", ""score"": 0.715674, ""detail"": ""人工智能学院教师"", ""evidence"": true}, {""doc"": ""doc13"", ""score"": 0.709931, ""detail"": ""学生社团与校园生活"", ""evidence"": false}, {""doc"": ""doc02"", ""score"": 0.508994, ""detail"": ""人工智能学院"", ""evidence"": false}, {""doc"": ""doc10"", ""score"": 0.508994, ""detail"": ""人工智能学院"", ""evidence"": false}]"
WikiRAG,na,5,all20,Q06,fact,云山大学的校训是什么？,doc01,doc01;doc12;doc14;doc03;doc10,1,1.0,1.0,1,"[{""doc"": ""doc01"", ""score"": 0.679908, ""detail"": ""云山大学"", ""evidence"": true}, {""doc"": ""doc12"", ""score"": 0.679908, ""detail"": ""云山大学"", ""evidence"": false}, {""doc"": ""doc14"", ""score"": 0.679908, ""detail"": ""云山大学"", ""evidence"": false}, {""doc"": ""doc03"", ""score"": 0.523809, ""detail"": ""计算机学院"", ""evidence"": false}, {""doc"": ""doc10"", ""score"": 0.523809, ""detail"": ""计算机学院"", ""evidence"": false}]"
WikiRAG,na,5,all20,Q07,fact,国家奖学金的金额是多少？,doc09,doc09;doc01;doc12;doc14;doc11,1,1.0,1.0,1,"[{""doc"": ""doc09"", ""score"": 0.866399, ""detail"": ""奖学金体系"", ""evidence"": true}, {""doc"": ""doc01"", ""score"": 0.334856, ""detail"": ""云山大学"", ""evidence"": false}, {""doc"": ""doc12"", ""score"": 0.334856, ""detail"": ""云山大学"", ""evidence"": false}, {""doc"": ""doc14"", ""score"": 0.334856, ""detail"": ""云山大学"", ""evidence"": false}, {""doc"": ""doc11"", ""score"": 0.257427, ""detail"": ""学生社团与校园生活"", ""evidence"": false}]"
WikiRAG,na,5,all20,Q08,fact,图书馆每天几点到几点开放？,doc13,doc11;doc13;doc01;doc12;doc14,2,1.0,0.5,1,"[{""doc"": ""doc11"", ""score"": 0.414517, ""detail"": ""学生社团与校园生活"", ""evidence"": false}, {""doc"": ""doc13"", ""score"": 0.414517, ""detail"": ""学生社团与校园生活"", ""evidence"": true}, {""doc"": ""doc01"", ""score"": 0.358064, ""detail"": ""云山大学"", ""evidence"": false}, {""doc"": ""doc12"", ""score"": 0.358064, ""detail"": ""云山大学"", ""evidence"": false}, {""doc"": ""doc14"", ""score"": 0.358064, ""detail"": ""云山大学"", ""evidence"": false}]"
WikiRAG,na,5,all20,Q09,fact,人工智能学院成立于哪一年？,doc02,doc02;doc10;doc15;doc11;doc13,1,1.0,1.0,1,"[{""doc"": ""doc02"", ""score"": 0.716072, ""detail"": ""人工智能学院"", ""evidence"": true}, {""doc"": ""doc10"", ""score"": 0.716072, ""detail"": ""人工智能学院"", ""evidence"": false}, {""doc"": ""doc15"", ""score"": 0.716072, ""detail"": ""人工智能学院"", ""evidence"": false}, {""doc"": ""doc11"", ""score"": 0.566852, ""detail"": ""学生社团与校园生活"", ""evidence"": false}, {""doc"": ""doc13"", ""score"": 0.566852, ""detail"": ""学生社团与校园生活"", ""evidence"": false}]"
WikiRAG,na,5,all20,Q10,fact,春季学期什么时候开学？,doc12,doc06;doc01;doc12;doc14;doc11,3,1.0,0.3333333333333333,1,"[{""doc"": ""doc06"", ""score"": 0.556659, ""detail"": ""大模型通识课"", ""evidence"": false}, {""doc"": ""doc01"", ""score"": 0.461686, ""detail"": ""云山大学"", ""evidence"": false}, {""doc"": ""doc12"", ""score"": 0.461686, ""detail"": ""云山大学"", ""evidence"": true}, {""doc"": ""doc14"", ""score"": 0.461686, ""detail"": ""云山大学"", ""evidence"": false}, {""doc"": ""doc11"", ""score"": 0.279104, ""detail"": ""学生社团与校园生活"", ""evidence"": false}]"
WikiRAG,na,5,all20,Q11,global,云山大学有哪些科研平台？分别依托谁建设？,doc10;doc02;doc03,doc05;doc01;doc12;doc14;doc03,5,0.3333333333333333,0.2,0,"[{""doc"": ""doc05"", ""score"": 0.532092, ""detail"": ""计算机学院教师"", ""evidence"": false}, {""doc"": ""doc01"", ""score"": 0.522617, ""detail"": ""云山大学"", ""evidence"": false}, {""doc"": ""doc12"", ""score"": 0.522617, ""detail"": ""云山大学"", ""evidence"": false}, {""doc"": ""doc14"", ""score"": 0.522617, ""detail"": ""云山大学"", ""evidence"": false}, {""doc"": ""doc03"", ""score"": 0.521591, ""detail"": ""计算机学院"", ""evidence"": true}]"
WikiRAG,na,5,all20,Q12,global,学校的学生奖励体系包含哪些项目？,doc09,doc09;doc06;doc05,1,1.0,1.0,1,"[{""doc"": ""doc09"", ""score"": 0.447702, ""detail"": ""奖学金体系"", ""evidence"": true}, {""doc"": ""doc06"", ""score"": 0.416726, ""detail"": ""大模型通识课"", ""evidence"": false}, {""doc"": ""doc05"", ""score"": 0.356706, ""detail"": ""计算机学院教师"", ""evidence"": false}]"
WikiRAG,na,5,all20,Q13,global,人工智能学院有哪些教师？各自做什么研究方向？,doc04,doc04;doc11;doc02;doc10;doc15,1,1.0,1.0,1,"[{""doc"": ""doc04"", ""score"": 0.718147, ""detail"": ""人工智能学院教师"", ""evidence"": true}, {""doc"": ""doc11"", ""score"": 0.718147, ""detail"": ""人工智能学院教师"", ""evidence"": false}, {""doc"": ""doc02"", ""score"": 0.708834, ""detail"": ""人工智能学院"", ""evidence"": false}, {""doc"": ""doc10"", ""score"": 0.708834, ""detail"": ""人工智能学院"", ""evidence"": false}, {""doc"": ""doc15"", ""score"": 0.708834, ""detail"": ""人工智能学院"", ""evidence"": false}]"
WikiRAG,na,5,all20,Q14,global,本科生选课有哪些限制和先修要求？,doc08,doc06;doc05;doc04;doc11,0,0.0,0.0,0,"[{""doc"": ""doc06"", ""score"": 0.576648, ""detail"": ""大模型通识课"", ""evidence"": false}, {""doc"": ""doc05"", ""score"": 0.385623, ""detail"": ""计算机学院教师"", ""evidence"": false}, {""doc"": ""doc04"", ""score"": 0.360437, ""detail"": ""人工智能学院教师"", ""evidence"": false}, {""doc"": ""doc11"", ""score"": 0.360437, ""detail"": ""人工智能学院教师"", ""evidence"": false}]"
WikiRAG,na,5,all20,Q15,global,对想深入学习大模型的学生，学校提供哪些课程和课外活动？,doc06;doc11,doc06;doc04;doc11;doc07;doc08,1,1.0,1.0,1,"[{""doc"": ""doc06"", ""score"": 0.713873, ""detail"": ""大模型通识课"", ""evidence"": true}, {""doc"": ""doc04"", ""score"": 0.513617, ""detail"": ""人工智能学院教师"", ""evidence"": false}, {""doc"": ""doc11"", ""score"": 0.513617, ""detail"": ""人工智能学院教师"", ""evidence"": true}, {""doc"": ""doc07"", ""score"": 0.461277, ""detail"": ""知识图谱导论"", ""evidence"": false}, {""doc"": ""doc08"", ""score"": 0.461277, ""detail"": ""知识图谱导论"", ""evidence"": false}]"
WikiRAG,na,5,all20,Q16,fact,校内校巴每隔多少分钟一班？,doc14,doc11;doc13;doc01;doc12;doc14,5,1.0,0.2,1,"[{""doc"": ""doc11"", ""score"": 0.442201, ""detail"": ""学生社团与校园生活"", ""evidence"": false}, {""doc"": ""doc13"", ""score"": 0.442201, ""detail"": ""学生社团与校园生活"", ""evidence"": false}, {""doc"": ""doc01"", ""score"": 0.428235, ""detail"": ""云山大学"", ""evidence"": false}, {""doc"": ""doc12"", ""score"": 0.428235, ""detail"": ""云山大学"", ""evidence"": false}, {""doc"": ""doc14"", ""score"": 0.428235, ""detail"": ""云山大学"", ""evidence"": true}]"
WikiRAG,na,5,all20,Q17,fact,云山一等奖学金每年的金额是多少？,doc09,doc09;doc01;doc12;doc14;doc06,1,1.0,1.0,1,"[{""doc"": ""doc09"", ""score"": 0.844785, ""detail"": ""奖学金体系"", ""evidence"": true}, {""doc"": ""doc01"", ""score"": 0.426848, ""detail"": ""云山大学"", ""evidence"": false}, {""doc"": ""doc12"", ""score"": 0.426848, ""detail"": ""云山大学"", ""evidence"": false}, {""doc"": ""doc14"", ""score"": 0.426848, ""detail"": ""云山大学"", ""evidence"": false}, {""doc"": ""doc06"", ""score"": 0.318991, ""detail"": ""大模型通识课"", ""evidence"": false}]"
WikiRAG,na,5,all20,Q18,multi,《大模型通识课》的主讲教师指导哪个学生社团？,doc06;doc04;doc11,doc06;doc04;doc11;doc05,1,1.0,1.0,1,"[{""doc"": ""doc06"", ""score"": 0.688526, ""detail"": ""大模型通识课"", ""evidence"": true}, {""doc"": ""doc04"", ""score"": 0.63522, ""detail"": ""人工智能学院教师"", ""evidence"": true}, {""doc"": ""doc11"", ""score"": 0.63522, ""detail"": ""人工智能学院教师"", ""evidence"": true}, {""doc"": ""doc05"", ""score"": 0.540078, ""detail"": ""计算机学院教师"", ""evidence"": false}]"
WikiRAG,na,5,all20,Q19,multi,机器人战队指导教师所在学院的院长是谁？,doc11;doc04;doc02,doc04;doc11;doc13;doc02;doc10,1,1.0,1.0,1,"[{""doc"": ""doc04"", ""score"": 0.667405, ""detail"": ""人工智能学院教师"", ""evidence"": true}, {""doc"": ""doc11"", ""score"": 0.667405, ""detail"": ""人工智能学院教师"", ""evidence"": true}, {""doc"": ""doc13"", ""score"": 0.635297, ""detail"": ""学生社团与校园生活"", ""evidence"": false}, {""doc"": ""doc02"", ""score"": 0.527094, ""detail"": ""人工智能学院"", ""evidence"": true}, {""doc"": ""doc10"", ""score"": 0.527094, ""detail"": ""人工智能学院"", ""evidence"": false}]"
WikiRAG,na,5,all20,Q20,global,学校提供哪些国际交流机会？人工智能学院参与了什么项目？,doc15,doc02;doc10;doc15;doc11;doc13,3,1.0,0.3333333333333333,1,"[{""doc"": ""doc02"", ""score"": 0.598192, ""detail"": ""人工智能学院"", ""evidence"": false}, {""doc"": ""doc10"", ""score"": 0.598192, ""detail"": ""人工智能学院"", ""evidence"": false}, {""doc"": ""doc15"", ""score"": 0.598192, ""detail"": ""人工智能学院"", ""evidence"": true}, {""doc"": ""doc11"", ""score"": 0.588793, ""detail"": ""学生社团与校园生活"", ""evidence"": false}, {""doc"": ""doc13"", ""score"": 0.588793, ""detail"": ""学生社团与校园生活"", ""evidence"": false}]"
Hybrid RAG,na,5,all20,Q01,multi,《大模型通识课》授课教师所在学院的行政负责人是谁？,doc04;doc06;doc02,doc04;doc06;doc05;doc07;doc08,1,0.6666666666666666,1.0,0,"[{""doc"": ""doc04"", ""score"": 0.032522, ""detail"": ""vector=1, lexical=2"", ""evidence"": true}, {""doc"": ""doc06"", ""score"": 0.032522, ""detail"": ""vector=2, lexical=1"", ""evidence"": true}, {""doc"": ""doc05"", ""score"": 0.031258, ""detail"": ""vector=3, lexical=5"", ""evidence"": false}, {""doc"": ""doc07"", ""score"": 0.03101, ""detail"": ""vector=5, lexical=4"", ""evidence"": false}, {""doc"": ""doc08"", ""score"": 0.030579, ""detail"": ""vector=8, lexical=3"", ""evidence"": false}]"
Hybrid RAG,na,5,all20,Q02,multi,AI 协会的指导教师主讲课程的课程代码是什么？,doc11;doc04;doc06,doc07;doc11;doc06;doc04;doc02,2,1.0,0.5,1,"[{""doc"": ""doc07"", ""score"": 0.032522, ""detail"": ""vector=1, lexical=2"", ""evidence"": false}, {""doc"": ""doc11"", ""score"": 0.032018, ""detail"": ""vector=4, lexical=1"", ""evidence"": true}, {""doc"": ""doc06"", ""score"": 0.032002, ""detail"": ""vector=2, lexical=3"", ""evidence"": true}, {""doc"": ""doc04"", ""score"": 0.031498, ""detail"": ""vector=3, lexical=4"", ""evidence"": true}, {""doc"": ""doc02"", ""score"": 0.030077, ""detail"": ""vector=6, lexical=7"", ""evidence"": false}]"
Hybrid RAG,na,5,all20,Q03,multi,认知计算全国重点实验室依托的学院成立于哪一年？,doc10;doc02,doc10;doc02;doc03;doc01;doc11,1,1.0,1.0,1,"[{""doc"": ""doc10"", ""score"": 0.032787, ""detail"": ""vector=1, lexical=1"", ""evidence"": true}, {""doc"": ""doc02"", ""score"": 0.032258, ""detail"": ""vector=2, lexical=2"", ""evidence"": true}, {""doc"": ""doc03"", ""score"": 0.031258, ""detail"": ""vector=5, lexical=3"", ""evidence"": false}, {""doc"": ""doc01"", ""score"": 0.030579, ""detail"": ""vector=3, lexical=8"", ""evidence"": false}, {""doc"": ""doc11"", ""score"": 0.03031, ""detail"": ""vector=7, lexical=5"", ""evidence"": false}]"
Hybrid RAG,na,5,all20,Q04,multi,《知识图谱导论》授课教师的研究方向是什么？,doc07;doc04,doc04;doc07;doc06;doc08;doc05,1,1.0,1.0,1,"[{""doc"": ""doc04"", ""score"": 0.032522, ""detail"": ""vector=1, lexical=2"", ""evidence"": true}, {""doc"": ""doc07"", ""score"": 0.032522, ""detail"": ""vector=2, lexical=1"", ""evidence"": true}, {""doc"": ""doc06"", ""score"": 0.031258, ""detail"": ""vector=3, lexical=5"", ""evidence"": false}, {""doc"": ""doc08"", ""score"": 0.031258, ""detail"": ""vector=5, lexical=3"", ""evidence"": false}, {""doc"": ""doc05"", ""score"": 0.03125, ""detail"": ""vector=4, lexical=4"", ""evidence"": false}]"
Hybrid RAG,na,5,all20,Q05,multi,机器人战队的指导教师的研究方向是什么？,doc11;doc04,doc11;doc04;doc05;doc02;doc07,1,1.0,1.0,1,"[{""doc"": ""doc11"", ""score"": 0.032787, ""detail"": ""vector=1, lexical=1"", ""evidence"": true}, {""doc"": ""doc04"", ""score"": 0.032002, ""detail"": ""vector=2, lexical=3"", ""evidence"": true}, {""doc"": ""doc05"", ""score"": 0.031514, ""detail"": ""vector=5, lexical=2"", ""evidence"": false}, {""doc"": ""doc02"", ""score"": 0.031258, ""detail"": ""vector=3, lexical=5"", ""evidence"": false}, {""doc"": ""doc07"", ""score"": 0.03125, ""detail"": ""vector=4, lexical=4"", ""evidence"": false}]"
Hybrid RAG,na,5,all20,Q06,fact,云山大学的校训是什么？,doc01,doc01;doc15;doc10;doc06;doc04,1,1.0,1.0,1,"[{""doc"": ""doc01"", ""score"": 0.032787, ""detail"": ""vector=1, lexical=1"", ""evidence"": true}, {""doc"": ""doc15"", ""score"": 0.031754, ""detail"": ""vector=2, lexical=4"", ""evidence"": false}, {""doc"": ""doc10"", ""score"": 0.031054, ""detail"": ""vector=7, lexical=2"", ""evidence"": false}, {""doc"": ""doc06"", ""score"": 0.030366, ""detail"": ""vector=3, lexical=9"", ""evidence"": false}, {""doc"": ""doc04"", ""score"": 0.03031, ""detail"": ""vector=5, lexical=7"", ""evidence"": false}]"
Hybrid RAG,na,5,all20,Q07,fact,国家奖学金的金额是多少？,doc09,doc09;doc01;doc15;doc08;doc06,1,1.0,1.0,1,"[{""doc"": ""doc09"", ""score"": 0.032787, ""detail"": ""vector=1, lexical=1"", ""evidence"": true}, {""doc"": ""doc01"", ""score"": 0.032002, ""detail"": ""vector=2, lexical=3"", ""evidence"": false}, {""doc"": ""doc15"", ""score"": 0.032002, ""detail"": ""vector=3, lexical=2"", ""evidence"": false}, {""doc"": ""doc08"", ""score"": 0.029911, ""detail"": ""vector=4, lexical=10"", ""evidence"": false}, {""doc"": ""doc06"", ""score"": 0.029631, ""detail"": ""vector=7, lexical=8"", ""evidence"": false}]"
Hybrid RAG,na,5,all20,Q08,fact,图书馆每天几点到几点开放？,doc13,doc13;doc05;doc01;doc06;doc12,1,1.0,1.0,1,"[{""doc"": ""doc13"", ""score"": 0.032787, ""detail"": ""vector=1, lexical=1"", ""evidence"": true}, {""doc"": ""doc05"", ""score"": 0.031025, ""detail"": ""vector=3, lexical=6"", ""evidence"": false}, {""doc"": ""doc01"", ""score"": 0.030835, ""detail"": ""vector=8, lexical=2"", ""evidence"": false}, {""doc"": ""doc06"", ""score"": 0.03055, ""detail"": ""vector=4, lexical=7"", ""evidence"": false}, {""doc"": ""doc12"", ""score"": 0.029828, ""detail"": ""vector=2, lexical=13"", ""evidence"": false}]"
Hybrid RAG,na,5,all20,Q09,fact,人工智能学院成立于哪一年？,doc02,doc02;doc07;doc10;doc04;doc15,1,1.0,1.0,1,"[{""doc"": ""doc02"", ""score"": 0.032787, ""detail"": ""vector=1, lexical=1"", ""evidence"": true}, {""doc"": ""doc07"", ""score"": 0.032258, ""detail"": ""vector=2, lexical=2"", ""evidence"": false}, {""doc"": ""doc10"", ""score"": 0.031498, ""detail"": ""vector=3, lexical=4"", ""evidence"": false}, {""doc"": ""doc04"", ""score"": 0.03101, ""detail"": ""vector=4, lexical=5"", ""evidence"": false}, {""doc"": ""doc15"", ""score"": 0.030798, ""detail"": ""vector=7, lexical=3"", ""evidence"": false}]"
Hybrid RAG,na,5,all20,Q10,fact,春季学期什么时候开学？,doc12,doc12;doc06;doc07;doc08;doc01,1,1.0,1.0,1,"[{""doc"": ""doc12"", ""score"": 0.032787, ""detail"": ""vector=1, lexical=1"", ""evidence"": true}, {""doc"": ""doc06"", ""score"": 0.032258, ""detail"": ""vector=2, lexical=2"", ""evidence"": false}, {""doc"": ""doc07"", ""score"": 0.031746, ""detail"": ""vector=3, lexical=3"", ""evidence"": false}, {""doc"": ""doc08"", ""score"": 0.03125, ""detail"": ""vector=4, lexical=4"", ""evidence"": false}, {""doc"": ""doc01"", ""score"": 0.03031, ""detail"": ""vector=7, lexical=5"", ""evidence"": false}]"
Hybrid RAG,na,5,all20,Q11,global,云山大学有哪些科研平台？分别依托谁建设？,doc10;doc02;doc03,doc10;doc01;doc15;doc05;doc03,1,0.6666666666666666,1.0,0,"[{""doc"": ""doc10"", ""score"": 0.032787, ""detail"": ""vector=1, lexical=1"", ""evidence"": true}, {""doc"": ""doc01"", ""score"": 0.031754, ""detail"": ""vector=4, lexical=2"", ""evidence"": false}, {""doc"": ""doc15"", ""score"": 0.031746, ""detail"": ""vector=3, lexical=3"", ""evidence"": false}, {""doc"": ""doc05"", ""score"": 0.030835, ""detail"": ""vector=2, lexical=8"", ""evidence"": false}, {""doc"": ""doc03"", ""score"": 0.030536, ""detail"": ""vector=5, lexical=6"", ""evidence"": true}]"
Hybrid RAG,na,5,all20,Q12,global,学校的学生奖励体系包含哪些项目？,doc09,doc15;doc09;doc11;doc06;doc01,2,1.0,0.5,1,"[{""doc"": ""doc15"", ""score"": 0.032787, ""detail"": ""vector=1, lexical=1"", ""evidence"": false}, {""doc"": ""doc09"", ""score"": 0.032258, ""detail"": ""vector=2, lexical=2"", ""evidence"": true}, {""doc"": ""doc11"", ""score"": 0.031498, ""detail"": ""vector=4, lexical=3"", ""evidence"": false}, {""doc"": ""doc06"", ""score"": 0.030366, ""detail"": ""vector=3, lexical=9"", ""evidence"": false}, {""doc"": ""doc01"", ""score"": 0.030331, ""detail"": ""vector=8, lexical=4"", ""evidence"": false}]"
Hybrid RAG,na,5,all20,Q13,global,人工智能学院有哪些教师？各自做什么研究方向？,doc04,doc04;doc07;doc02;doc10;doc05,1,1.0,1.0,1,"[{""doc"": ""doc04"", ""score"": 0.032522, ""detail"": ""vector=1, lexical=2"", ""evidence"": true}, {""doc"": ""doc07"", ""score"": 0.032522, ""detail"": ""vector=2, lexical=1"", ""evidence"": false}, {""doc"": ""doc02"", ""score"": 0.031498, ""detail"": ""vector=3, lexical=4"", ""evidence"": false}, {""doc"": ""doc10"", ""score"": 0.030777, ""detail"": ""vector=4, lexical=6"", ""evidence"": false}, {""doc"": ""doc05"", ""score"": 0.030579, ""detail"": ""vector=8, lexical=3"", ""evidence"": false}]"
Hybrid RAG,na,5,all20,Q14,global,本科生选课有哪些限制和先修要求？,doc08,doc08;doc06;doc15;doc01;doc05,1,1.0,1.0,1,"[{""doc"": ""doc08"", ""score"": 0.032787, ""detail"": ""vector=1, lexical=1"", ""evidence"": true}, {""doc"": ""doc06"", ""score"": 0.032258, ""detail"": ""vector=2, lexical=2"", ""evidence"": false}, {""doc"": ""doc15"", ""score"": 0.03101, ""detail"": ""vector=4, lexical=5"", ""evidence"": false}, {""doc"": ""doc01"", ""score"": 0.030798, ""detail"": ""vector=7, lexical=3"", ""evidence"": false}, {""doc"": ""doc05"", ""score"": 0.030579, ""detail"": ""vector=3, lexical=8"", ""evidence"": false}]"
Hybrid RAG,na,5,all20,Q15,global,对想深入学习大模型的学生，学校提供哪些课程和课外活动？,doc06;doc11,doc06;doc04;doc08;doc07;doc11,1,1.0,1.0,1,"[{""doc"": ""doc06"", ""score"": 0.032787, ""detail"": ""vector=1, lexical=1"", ""evidence"": true}, {""doc"": ""doc04"", ""score"": 0.032258, ""detail"": ""vector=2, lexical=2"", ""evidence"": false}, {""doc"": ""doc08"", ""score"": 0.031498, ""detail"": ""vector=3, lexical=4"", ""evidence"": false}, {""doc"": ""doc07"", ""score"": 0.030777, ""detail"": ""vector=4, lexical=6"", ""evidence"": false}, {""doc"": ""doc11"", ""score"": 0.030769, ""detail"": ""vector=5, lexical=5"", ""evidence"": true}]"
Hybrid RAG,na,5,all20,Q16,fact,校内校巴每隔多少分钟一班？,doc14,doc14;doc01;doc06;doc08;doc05,1,1.0,1.0,1,"[{""doc"": ""doc14"", ""score"": 0.032787, ""detail"": ""vector=1, lexical=1"", ""evidence"": true}, {""doc"": ""doc01"", ""score"": 0.031281, ""detail"": ""vector=6, lexical=2"", ""evidence"": false}, {""doc"": ""doc06"", ""score"": 0.030798, ""detail"": ""vector=3, lexical=7"", ""evidence"": false}, {""doc"": ""doc08"", ""score"": 0.030622, ""detail"": ""vector=2, lexical=9"", ""evidence"": false}, {""doc"": ""doc05"", ""score"": 0.029857, ""detail"": ""vector=8, lexical=6"", ""evidence"": false}]"
Hybrid RAG,na,5,all20,Q17,fact,云山一等奖学金每年的金额是多少？,doc09,doc09;doc01;doc11;doc10;doc08,1,1.0,1.0,1,"[{""doc"": ""doc09"", ""score"": 0.032787, ""detail"": ""vector=1, lexical=1"", ""evidence"": true}, {""doc"": ""doc01"", ""score"": 0.032002, ""detail"": ""vector=2, lexical=3"", ""evidence"": false}, {""doc"": ""doc11"", ""score"": 0.031281, ""detail"": ""vector=6, lexical=2"", ""evidence"": false}, {""doc"": ""doc10"", ""score"": 0.030118, ""detail"": ""vector=9, lexical=4"", ""evidence"": false}, {""doc"": ""doc08"", ""score"": 0.029958, ""detail"": ""vector=3, lexical=11"", ""evidence"": false}]"
Hybrid RAG,na,5,all20,Q18,multi,《大模型通识课》的主讲教师指导哪个学生社团？,doc06;doc04;doc11,doc06;doc04;doc11;doc08;doc05,1,1.0,1.0,1,"[{""doc"": ""doc06"", ""score"": 0.032787, ""detail"": ""vector=1, lexical=1"", ""evidence"": true}, {""doc"": ""doc04"", ""score"": 0.032258, ""detail"": ""vector=2, lexical=2"", ""evidence"": true}, {""doc"": ""doc11"", ""score"": 0.031498, ""detail"": ""vector=3, lexical=4"", ""evidence"": true}, {""doc"": ""doc08"", ""score"": 0.031025, ""detail"": ""vector=6, lexical=3"", ""evidence"": false}, {""doc"": ""doc05"", ""score"": 0.030777, ""detail"": ""vector=4, lexical=6"", ""evidence"": false}]"
Hybrid RAG,na,5,all20,Q19,multi,机器人战队指导教师所在学院的院长是谁？,doc11;doc04;doc02,doc11;doc02;doc05;doc04;doc03,1,1.0,1.0,1,"[{""doc"": ""doc11"", ""score"": 0.032787, ""detail"": ""vector=1, lexical=1"", ""evidence"": true}, {""doc"": ""doc02"", ""score"": 0.032002, ""detail"": ""vector=3, lexical=2"", ""evidence"": true}, {""doc"": ""doc05"", ""score"": 0.031498, ""detail"": ""vector=4, lexical=3"", ""evidence"": false}, {""doc"": ""doc04"", ""score"": 0.031281, ""detail"": ""vector=2, lexical=6"", ""evidence"": true}, {""doc"": ""doc03"", ""score"": 0.030331, ""detail"": ""vector=8, lexical=4"", ""evidence"": false}]"
Hybrid RAG,na,5,all20,Q20,global,学校提供哪些国际交流机会？人工智能学院参与了什么项目？,doc15,doc15;doc10;doc04;doc07;doc02,1,1.0,1.0,1,"[{""doc"": ""doc15"", ""score"": 0.032787, ""detail"": ""vector=1, lexical=1"", ""evidence"": true}, {""doc"": ""doc10"", ""score"": 0.032258, ""detail"": ""vector=2, lexical=2"", ""evidence"": false}, {""doc"": ""doc04"", ""score"": 0.031258, ""detail"": ""vector=3, lexical=5"", ""evidence"": false}, {""doc"": ""doc07"", ""score"": 0.031258, ""detail"": ""vector=5, lexical=3"", ""evidence"": false}, {""doc"": ""doc02"", ""score"": 0.03055, ""detail"": ""vector=7, lexical=4"", ""evidence"": false}]"
GraphRAG,global,5,all20,Q01,multi,《大模型通识课》授课教师所在学院的行政负责人是谁？,doc04;doc06;doc02,doc02;doc04;doc06;doc07;doc08,1,1.0,1.0,1,"[{""doc"": ""doc02"", ""score"": 0.528815, ""detail"": ""社区 C1 教学与课程：人工智能学院设三个系，开设《大模型通识课》（AI2101，李文瀚主讲）与《知识图谱导论》（AI3305，赵婉晴主讲），AI3305 需先修《数据结构》。"", ""evidence"": true}, {""doc"": ""doc04"", ""score"": 0.528815, ""detail"": ""社区 C1 教学与课程：人工智能学院设三个系，开设《大模型通识课》（AI2101，李文瀚主讲）与《知识图谱导论》（AI3305，赵婉晴主讲），AI3305 需先修《数据结构》。"", ""evidence"": true}, {""doc"": ""doc06"", ""score"": 0.528815, ""detail"": ""社区 C1 教学与课程：人工智能学院设三个系，开设《大模型通识课》（AI2101，李文瀚主讲）与《知识图谱导论》（AI3305，赵婉晴主讲），AI3305 需先修《数据结构》。"", ""evidence"": true}, {""doc"": ""doc07"", ""score"": 0.528815, ""detail"": ""社区 C1 教学与课程：人工智能学院设三个系，开设《大模型通识课》（AI2101，李文瀚主讲）与《知识图谱导论》（AI3305，赵婉晴主讲），AI3305 需先修《数据结构》。"", ""evidence"": false}, {""doc"": ""doc08"", ""score"": 0.528815, ""detail"": ""社区 C1 教学与课程：人工智能学院设三个系，开设《大模型通识课》（AI2101，李文瀚主讲）与《知识图谱导论》（AI3305，赵婉晴主讲），AI3305 需先修《数据结构》。"", ""evidence"": false}]"
GraphRAG,global,5,all20,Q02,multi,AI 协会的指导教师主讲课程的课程代码是什么？,doc11;doc04;doc06,doc02;doc04;doc06;doc07;doc08,2,0.6666666666666666,0.5,0,"[{""doc"": ""doc02"", ""score"": 0.733584, ""detail"": ""社区 C1 教学与课程：人工智能学院设三个系，开设《大模型通识课》（AI2101，李文瀚主讲）与《知识图谱导论》（AI3305，赵婉晴主讲），AI3305 需先修《数据结构》。"", ""evidence"": false}, {""doc"": ""doc04"", ""score"": 0.733584, ""detail"": ""社区 C1 教学与课程：人工智能学院设三个系，开设《大模型通识课》（AI2101，李文瀚主讲）与《知识图谱导论》（AI3305，赵婉晴主讲），AI3305 需先修《数据结构》。"", ""evidence"": true}, {""doc"": ""doc06"", ""score"": 0.733584, ""detail"": ""社区 C1 教学与课程：人工智能学院设三个系，开设《大模型通识课》（AI2101，李文瀚主讲）与《知识图谱导论》（AI3305，赵婉晴主讲），AI3305 需先修《数据结构》。"", ""evidence"": true}, {""doc"": ""doc07"", ""score"": 0.733584, ""detail"": ""社区 C1 教学与课程：人工智能学院设三个系，开设《大模型通识课》（AI2101，李文瀚主讲）与《知识图谱导论》（AI3305，赵婉晴主讲），AI3305 需先修《数据结构》。"", ""evidence"": false}, {""doc"": ""doc08"", ""score"": 0.733584, ""detail"": ""社区 C1 教学与课程：人工智能学院设三个系，开设《大模型通识课》（AI2101，李文瀚主讲）与《知识图谱导论》（AI3305，赵婉晴主讲），AI3305 需先修《数据结构》。"", ""evidence"": false}]"
GraphRAG,global,5,all20,Q03,multi,认知计算全国重点实验室依托的学院成立于哪一年？,doc10;doc02,doc02;doc03;doc10;doc15;doc04,1,1.0,1.0,1,"[{""doc"": ""doc02"", ""score"": 0.62097, ""detail"": ""社区 C2 科研与国际：认知计算全国重点实验室依托人工智能学院，岭南超算中心由计算机学院参与共建；学院与新加坡南洋理工大学有联合培养项目。"", ""evidence"": true}, {""doc"": ""doc03"", ""score"": 0.62097, ""detail"": ""社区 C2 科研与国际：认知计算全国重点实验室依托人工智能学院，岭南超算中心由计算机学院参与共建；学院与新加坡南洋理工大学有联合培养项目。"", ""evidence"": false}, {""doc"": ""doc10"", ""score"": 0.62097, ""detail"": ""社区 C2 科研与国际：认知计算全国重点实验室依托人工智能学院，岭南超算中心由计算机学院参与共建；学院与新加坡南洋理工大学有联合培养项目。"", ""evidence"": true}, {""doc"": ""doc15"", ""score"": 0.62097, ""detail"": ""社区 C2 科研与国际：认知计算全国重点实验室依托人工智能学院，岭南超算中心由计算机学院参与共建；学院与新加坡南洋理工大学有联合培养项目。"", ""evidence"": false}, {""doc"": ""doc04"", ""score"": 0.412022, ""detail"": ""社区 C1 教学与课程：人工智能学院设三个系，开设《大模型通识课》（AI2101，李文瀚主讲）与《知识图谱导论》（AI3305，赵婉晴主讲），AI3305 需先修《数据结构》。"", ""evidence"": false}]"
GraphRAG,global,5,all20,Q04,multi,《知识图谱导论》授课教师的研究方向是什么？,doc07;doc04,doc02;doc04;doc06;doc07;doc08,2,1.0,0.5,1,"[{""doc"": ""doc02"", ""score"": 0.526289, ""detail"": ""社区 C1 教学与课程：人工智能学院设三个系，开设《大模型通识课》（AI2101，李文瀚主讲）与《知识图谱导论》（AI3305，赵婉晴主讲），AI3305 需先修《数据结构》。"", ""evidence"": false}, {""doc"": ""doc04"", ""score"": 0.526289, ""detail"": ""社区 C1 教学与课程：人工智能学院设三个系，开设《大模型通识课》（AI2101，李文瀚主讲）与《知识图谱导论》（AI3305，赵婉晴主讲），AI3305 需先修《数据结构》。"", ""evidence"": true}, {""doc"": ""doc06"", ""score"": 0.526289, ""detail"": ""社区 C1 教学与课程：人工智能学院设三个系，开设《大模型通识课》（AI2101，李文瀚主讲）与《知识图谱导论》（AI3305，赵婉晴主讲），AI3305 需先修《数据结构》。"", ""evidence"": false}, {""doc"": ""doc07"", ""score"": 0.526289, ""detail"": ""社区 C1 教学与课程：人工智能学院设三个系，开设《大模型通识课》（AI2101，李文瀚主讲）与《知识图谱导论》（AI3305，赵婉晴主讲），AI3305 需先修《数据结构》。"", ""evidence"": true}, {""doc"": ""doc08"", ""score"": 0.526289, ""detail"": ""社区 C1 教学与课程：人工智能学院设三个系，开设《大模型通识课》（AI2101，李文瀚主讲）与《知识图谱导论》（AI3305，赵婉晴主讲），AI3305 需先修《数据结构》。"", ""evidence"": false}]"
GraphRAG,global,5,all20,Q05,multi,机器人战队的指导教师的研究方向是什么？,doc11;doc04,doc02;doc04;doc06;doc07;doc08,2,0.5,0.5,0,"[{""doc"": ""doc02"", ""score"": 0.42753, ""detail"": ""社区 C1 教学与课程：人工智能学院设三个系，开设《大模型通识课》（AI2101，李文瀚主讲）与《知识图谱导论》（AI3305，赵婉晴主讲），AI3305 需先修《数据结构》。"", ""evidence"": false}, {""doc"": ""doc04"", ""score"": 0.42753, ""detail"": ""社区 C1 教学与课程：人工智能学院设三个系，开设《大模型通识课》（AI2101，李文瀚主讲）与《知识图谱导论》（AI3305，赵婉晴主讲），AI3305 需先修《数据结构》。"", ""evidence"": true}, {""doc"": ""doc06"", ""score"": 0.42753, ""detail"": ""社区 C1 教学与课程：人工智能学院设三个系，开设《大模型通识课》（AI2101，李文瀚主讲）与《知识图谱导论》（AI3305，赵婉晴主讲），AI3305 需先修《数据结构》。"", ""evidence"": false}, {""doc"": ""doc07"", ""score"": 0.42753, ""detail"": ""社区 C1 教学与课程：人工智能学院设三个系，开设《大模型通识课》（AI2101，李文瀚主讲）与《知识图谱导论》（AI3305，赵婉晴主讲），AI3305 需先修《数据结构》。"", ""evidence"": false}, {""doc"": ""doc08"", ""score"": 0.42753, ""detail"": ""社区 C1 教学与课程：人工智能学院设三个系，开设《大模型通识课》（AI2101，李文瀚主讲）与《知识图谱导论》（AI3305，赵婉晴主讲），AI3305 需先修《数据结构》。"", ""evidence"": false}]"
GraphRAG,global,5,all20,Q06,fact,云山大学的校训是什么？,doc01,doc02;doc03;doc10;doc15;doc09,0,0.0,0.0,0,"[{""doc"": ""doc02"", ""score"": 0.486101, ""detail"": ""社区 C2 科研与国际：认知计算全国重点实验室依托人工智能学院，岭南超算中心由计算机学院参与共建；学院与新加坡南洋理工大学有联合培养项目。"", ""evidence"": false}, {""doc"": ""doc03"", ""score"": 0.486101, ""detail"": ""社区 C2 科研与国际：认知计算全国重点实验室依托人工智能学院，岭南超算中心由计算机学院参与共建；学院与新加坡南洋理工大学有联合培养项目。"", ""evidence"": false}, {""doc"": ""doc10"", ""score"": 0.486101, ""detail"": ""社区 C2 科研与国际：认知计算全国重点实验室依托人工智能学院，岭南超算中心由计算机学院参与共建；学院与新加坡南洋理工大学有联合培养项目。"", ""evidence"": false}, {""doc"": ""doc15"", ""score"": 0.486101, ""detail"": ""社区 C2 科研与国际：认知计算全国重点实验室依托人工智能学院，岭南超算中心由计算机学院参与共建；学院与新加坡南洋理工大学有联合培养项目。"", ""evidence"": false}, {""doc"": ""doc09"", ""score"": 0.412953, ""detail"": ""社区 C3 学生生活：奖学金分国家（8000 元）、校长（20000 元）、云山一等（3000 元）三级；社团有 AI 协会与机器人战队，图书馆藏书 380 万册、7:00-22:00 开放。"", ""evidence"": false}]"
GraphRAG,global,5,all20,Q07,fact,国家奖学金的金额是多少？,doc09,doc09;doc11;doc13;doc02;doc03,1,1.0,1.0,1,"[{""doc"": ""doc09"", ""score"": 0.598928, ""detail"": ""社区 C3 学生生活：奖学金分国家（8000 元）、校长（20000 元）、云山一等（3000 元）三级；社团有 AI 协会与机器人战队，图书馆藏书 380 万册、7:00-22:00 开放。"", ""evidence"": true}, {""doc"": ""doc11"", ""score"": 0.598928, ""detail"": ""社区 C3 学生生活：奖学金分国家（8000 元）、校长（20000 元）、云山一等（3000 元）三级；社团有 AI 协会与机器人战队，图书馆藏书 380 万册、7:00-22:00 开放。"", ""evidence"": false}, {""doc"": ""doc13"", ""score"": 0.598928, ""detail"": ""社区 C3 学生生活：奖学金分国家（8000 元）、校长（20000 元）、云山一等（3000 元）三级；社团有 AI 协会与机器人战队，图书馆藏书 380 万册、7:00-22:00 开放。"", ""evidence"": false}, {""doc"": ""doc02"", ""score"": 0.252608, ""detail"": ""社区 C2 科研与国际：认知计算全国重点实验室依托人工智能学院，岭南超算中心由计算机学院参与共建；学院与新加坡南洋理工大学有联合培养项目。"", ""evidence"": false}, {""doc"": ""doc03"", ""score"": 0.252608, ""detail"": ""社区 C2 科研与国际：认知计算全国重点实验室依托人工智能学院，岭南超算中心由计算机学院参与共建；学院与新加坡南洋理工大学有联合培养项目。"", ""evidence"": false}]"
GraphRAG,global,5,all20,Q08,fact,图书馆每天几点到几点开放？,doc13,doc09;doc11;doc13;doc02;doc04,3,1.0,0.3333333333333333,1,"[{""doc"": ""doc09"", ""score"": 0.27667, ""detail"": ""社区 C3 学生生活：奖学金分国家（8000 元）、校长（20000 元）、云山一等（3000 元）三级；社团有 AI 协会与机器人战队，图书馆藏书 380 万册、7:00-22:00 开放。"", ""evidence"": false}, {""doc"": ""doc11"", ""score"": 0.27667, ""detail"": ""社区 C3 学生生活：奖学金分国家（8000 元）、校长（20000 元）、云山一等（3000 元）三级；社团有 AI 协会与机器人战队，图书馆藏书 380 万册、7:00-22:00 开放。"", ""evidence"": false}, {""doc"": ""doc13"", ""score"": 0.27667, ""detail"": ""社区 C3 学生生活：奖学金分国家（8000 元）、校长（20000 元）、云山一等（3000 元）三级；社团有 AI 协会与机器人战队，图书馆藏书 380 万册、7:00-22:00 开放。"", ""evidence"": true}, {""doc"": ""doc02"", ""score"": 0.136475, ""detail"": ""社区 C1 教学与课程：人工智能学院设三个系，开设《大模型通识课》（AI2101，李文瀚主讲）与《知识图谱导论》（AI3305，赵婉晴主讲），AI3305 需先修《数据结构》。"", ""evidence"": false}, {""doc"": ""doc04"", ""score"": 0.136475, ""detail"": ""社区 C1 教学与课程：人工智能学院设三个系，开设《大模型通识课》（AI2101，李文瀚主讲）与《知识图谱导论》（AI3305，赵婉晴主讲），AI3305 需先修《数据结构》。"", ""evidence"": false}]"
GraphRAG,global,5,all20,Q09,fact,人工智能学院成立于哪一年？,doc02,doc02;doc04;doc06;doc07;doc08,1,1.0,1.0,1,"[{""doc"": ""doc02"", ""score"": 0.60068, ""detail"": ""社区 C1 教学与课程：人工智能学院设三个系，开设《大模型通识课》（AI2101，李文瀚主讲）与《知识图谱导论》（AI3305，赵婉晴主讲），AI3305 需先修《数据结构》。"", ""evidence"": true}, {""doc"": ""doc04"", ""score"": 0.60068, ""detail"": ""社区 C1 教学与课程：人工智能学院设三个系，开设《大模型通识课》（AI2101，李文瀚主讲）与《知识图谱导论》（AI3305，赵婉晴主讲），AI3305 需先修《数据结构》。"", ""evidence"": false}, {""doc"": ""doc06"", ""score"": 0.60068, ""detail"": ""社区 C1 教学与课程：人工智能学院设三个系，开设《大模型通识课》（AI2101，李文瀚主讲）与《知识图谱导论》（AI3305，赵婉晴主讲），AI3305 需先修《数据结构》。"", ""evidence"": false}, {""doc"": ""doc07"", ""score"": 0.60068, ""detail"": ""社区 C1 教学与课程：人工智能学院设三个系，开设《大模型通识课》（AI2101，李文瀚主讲）与《知识图谱导论》（AI3305，赵婉晴主讲），AI3305 需先修《数据结构》。"", ""evidence"": false}, {""doc"": ""doc08"", ""score"": 0.60068, ""detail"": ""社区 C1 教学与课程：人工智能学院设三个系，开设《大模型通识课》（AI2101，李文瀚主讲）与《知识图谱导论》（AI3305，赵婉晴主讲），AI3305 需先修《数据结构》。"", ""evidence"": false}]"
GraphRAG,global,5,all20,Q10,fact,春季学期什么时候开学？,doc12,doc02;doc04;doc06;doc07;doc08,0,0.0,0.0,0,"[{""doc"": ""doc02"", ""score"": 0.222629, ""detail"": ""社区 C1 教学与课程：人工智能学院设三个系，开设《大模型通识课》（AI2101，李文瀚主讲）与《知识图谱导论》（AI3305，赵婉晴主讲），AI3305 需先修《数据结构》。"", ""evidence"": false}, {""doc"": ""doc04"", ""score"": 0.222629, ""detail"": ""社区 C1 教学与课程：人工智能学院设三个系，开设《大模型通识课》（AI2101，李文瀚主讲）与《知识图谱导论》（AI3305，赵婉晴主讲），AI3305 需先修《数据结构》。"", ""evidence"": false}, {""doc"": ""doc06"", ""score"": 0.222629, ""detail"": ""社区 C1 教学与课程：人工智能学院设三个系，开设《大模型通识课》（AI2101，李文瀚主讲）与《知识图谱导论》（AI3305，赵婉晴主讲），AI3305 需先修《数据结构》。"", ""evidence"": false}, {""doc"": ""doc07"", ""score"": 0.222629, ""detail"": ""社区 C1 教学与课程：人工智能学院设三个系，开设《大模型通识课》（AI2101，李文瀚主讲）与《知识图谱导论》（AI3305，赵婉晴主讲），AI3305 需先修《数据结构》。"", ""evidence"": false}, {""doc"": ""doc08"", ""score"": 0.222629, ""detail"": ""社区 C1 教学与课程：人工智能学院设三个系，开设《大模型通识课》（AI2101，李文瀚主讲）与《知识图谱导论》（AI3305，赵婉晴主讲），AI3305 需先修《数据结构》。"", ""evidence"": false}]"
GraphRAG,global,5,all20,Q11,global,云山大学有哪些科研平台？分别依托谁建设？,doc10;doc02;doc03,doc02;doc03;doc10;doc15;doc04,1,1.0,1.0,1,"[{""doc"": ""doc02"", ""score"": 0.570326, ""detail"": ""社区 C2 科研与国际：认知计算全国重点实验室依托人工智能学院，岭南超算中心由计算机学院参与共建；学院与新加坡南洋理工大学有联合培养项目。"", ""evidence"": true}, {""doc"": ""doc03"", ""score"": 0.570326, ""detail"": ""社区 C2 科研与国际：认知计算全国重点实验室依托人工智能学院，岭南超算中心由计算机学院参与共建；学院与新加坡南洋理工大学有联合培养项目。"", ""evidence"": true}, {""doc"": ""doc10"", ""score"": 0.570326, ""detail"": ""社区 C2 科研与国际：认知计算全国重点实验室依托人工智能学院，岭南超算中心由计算机学院参与共建；学院与新加坡南洋理工大学有联合培养项目。"", ""evidence"": true}, {""doc"": ""doc15"", ""score"": 0.570326, ""detail"": ""社区 C2 科研与国际：认知计算全国重点实验室依托人工智能学院，岭南超算中心由计算机学院参与共建；学院与新加坡南洋理工大学有联合培养项目。"", ""evidence"": false}, {""doc"": ""doc04"", ""score"": 0.387907, ""detail"": ""社区 C1 教学与课程：人工智能学院设三个系，开设《大模型通识课》（AI2101，李文瀚主讲）与《知识图谱导论》（AI3305，赵婉晴主讲），AI3305 需先修《数据结构》。"", ""evidence"": false}]"
GraphRAG,global,5,all20,Q12,global,学校的学生奖励体系包含哪些项目？,doc09,doc09;doc11;doc13;doc02;doc04,1,1.0,1.0,1,"[{""doc"": ""doc09"", ""score"": 0.479209, ""detail"": ""社区 C3 学生生活：奖学金分国家（8000 元）、校长（20000 元）、云山一等（3000 元）三级；社团有 AI 协会与机器人战队，图书馆藏书 380 万册、7:00-22:00 开放。"", ""evidence"": true}, {""doc"": ""doc11"", ""score"": 0.479209, ""detail"": ""社区 C3 学生生活：奖学金分国家（8000 元）、校长（20000 元）、云山一等（3000 元）三级；社团有 AI 协会与机器人战队，图书馆藏书 380 万册、7:00-22:00 开放。"", ""evidence"": false}, {""doc"": ""doc13"", ""score"": 0.479209, ""detail"": ""社区 C3 学生生活：奖学金分国家（8000 元）、校长（20000 元）、云山一等（3000 元）三级；社团有 AI 协会与机器人战队，图书馆藏书 380 万册、7:00-22:00 开放。"", ""evidence"": false}, {""doc"": ""doc02"", ""score"": 0.363915, ""detail"": ""社区 C1 教学与课程：人工智能学院设三个系，开设《大模型通识课》（AI2101，李文瀚主讲）与《知识图谱导论》（AI3305，赵婉晴主讲），AI3305 需先修《数据结构》。"", ""evidence"": false}, {""doc"": ""doc04"", ""score"": 0.363915, ""detail"": ""社区 C1 教学与课程：人工智能学院设三个系，开设《大模型通识课》（AI2101，李文瀚主讲）与《知识图谱导论》（AI3305，赵婉晴主讲），AI3305 需先修《数据结构》。"", ""evidence"": false}]"
GraphRAG,global,5,all20,Q13,global,人工智能学院有哪些教师？各自做什么研究方向？,doc04,doc02;doc04;doc06;doc07;doc08,2,1.0,0.5,1,"[{""doc"": ""doc02"", ""score"": 0.702628, ""detail"": ""社区 C1 教学与课程：人工智能学院设三个系，开设《大模型通识课》（AI2101，李文瀚主讲）与《知识图谱导论》（AI3305，赵婉晴主讲），AI3305 需先修《数据结构》。"", ""evidence"": false}, {""doc"": ""doc04"", ""score"": 0.702628, ""detail"": ""社区 C1 教学与课程：人工智能学院设三个系，开设《大模型通识课》（AI2101，李文瀚主讲）与《知识图谱导论》（AI3305，赵婉晴主讲），AI3305 需先修《数据结构》。"", ""evidence"": true}, {""doc"": ""doc06"", ""score"": 0.702628, ""detail"": ""社区 C1 教学与课程：人工智能学院设三个系，开设《大模型通识课》（AI2101，李文瀚主讲）与《知识图谱导论》（AI3305，赵婉晴主讲），AI3305 需先修《数据结构》。"", ""evidence"": false}, {""doc"": ""doc07"", ""score"": 0.702628, ""detail"": ""社区 C1 教学与课程：人工智能学院设三个系，开设《大模型通识课》（AI2101，李文瀚主讲）与《知识图谱导论》（AI3305，赵婉晴主讲），AI3305 需先修《数据结构》。"", ""evidence"": false}, {""doc"": ""doc08"", ""score"": 0.702628, ""detail"": ""社区 C1 教学与课程：人工智能学院设三个系，开设《大模型通识课》（AI2101，李文瀚主讲）与《知识图谱导论》（AI3305，赵婉晴主讲），AI3305 需先修《数据结构》。"", ""evidence"": false}]"
GraphRAG,global,5,all20,Q14,global,本科生选课有哪些限制和先修要求？,doc08,doc02;doc04;doc06;doc07;doc08,5,1.0,0.2,1,"[{""doc"": ""doc02"", ""score"": 0.350276, ""detail"": ""社区 C1 教学与课程：人工智能学院设三个系，开设《大模型通识课》（AI2101，李文瀚主讲）与《知识图谱导论》（AI3305，赵婉晴主讲），AI3305 需先修《数据结构》。"", ""evidence"": false}, {""doc"": ""doc04"", ""score"": 0.350276, ""detail"": ""社区 C1 教学与课程：人工智能学院设三个系，开设《大模型通识课》（AI2101，李文瀚主讲）与《知识图谱导论》（AI3305，赵婉晴主讲），AI3305 需先修《数据结构》。"", ""evidence"": false}, {""doc"": ""doc06"", ""score"": 0.350276, ""detail"": ""社区 C1 教学与课程：人工智能学院设三个系，开设《大模型通识课》（AI2101，李文瀚主讲）与《知识图谱导论》（AI3305，赵婉晴主讲），AI3305 需先修《数据结构》。"", ""evidence"": false}, {""doc"": ""doc07"", ""score"": 0.350276, ""detail"": ""社区 C1 教学与课程：人工智能学院设三个系，开设《大模型通识课》（AI2101，李文瀚主讲）与《知识图谱导论》（AI3305，赵婉晴主讲），AI3305 需先修《数据结构》。"", ""evidence"": false}, {""doc"": ""doc08"", ""score"": 0.350276, ""detail"": ""社区 C1 教学与课程：人工智能学院设三个系，开设《大模型通识课》（AI2101，李文瀚主讲）与《知识图谱导论》（AI3305，赵婉晴主讲），AI3305 需先修《数据结构》。"", ""evidence"": true}]"
GraphRAG,global,5,all20,Q15,global,对想深入学习大模型的学生，学校提供哪些课程和课外活动？,doc06;doc11,doc02;doc04;doc06;doc07;doc08,3,0.5,0.3333333333333333,0,"[{""doc"": ""doc02"", ""score"": 0.52265, ""detail"": ""社区 C1 教学与课程：人工智能学院设三个系，开设《大模型通识课》（AI2101，李文瀚主讲）与《知识图谱导论》（AI3305，赵婉晴主讲），AI3305 需先修《数据结构》。"", ""evidence"": false}, {""doc"": ""doc04"", ""score"": 0.52265, ""detail"": ""社区 C1 教学与课程：人工智能学院设三个系，开设《大模型通识课》（AI2101，李文瀚主讲）与《知识图谱导论》（AI3305，赵婉晴主讲），AI3305 需先修《数据结构》。"", ""evidence"": false}, {""doc"": ""doc06"", ""score"": 0.52265, ""detail"": ""社区 C1 教学与课程：人工智能学院设三个系，开设《大模型通识课》（AI2101，李文瀚主讲）与《知识图谱导论》（AI3305，赵婉晴主讲），AI3305 需先修《数据结构》。"", ""evidence"": true}, {""doc"": ""doc07"", ""score"": 0.52265, ""detail"": ""社区 C1 教学与课程：人工智能学院设三个系，开设《大模型通识课》（AI2101，李文瀚主讲）与《知识图谱导论》（AI3305，赵婉晴主讲），AI3305 需先修《数据结构》。"", ""evidence"": false}, {""doc"": ""doc08"", ""score"": 0.52265, ""detail"": ""社区 C1 教学与课程：人工智能学院设三个系，开设《大模型通识课》（AI2101，李文瀚主讲）与《知识图谱导论》（AI3305，赵婉晴主讲），AI3305 需先修《数据结构》。"", ""evidence"": false}]"
GraphRAG,global,5,all20,Q16,fact,校内校巴每隔多少分钟一班？,doc14,doc09;doc11;doc13;doc02;doc04,0,0.0,0.0,0,"[{""doc"": ""doc09"", ""score"": 0.371965, ""detail"": ""社区 C3 学生生活：奖学金分国家（8000 元）、校长（20000 元）、云山一等（3000 元）三级；社团有 AI 协会与机器人战队，图书馆藏书 380 万册、7:00-22:00 开放。"", ""evidence"": false}, {""doc"": ""doc11"", ""score"": 0.371965, ""detail"": ""社区 C3 学生生活：奖学金分国家（8000 元）、校长（20000 元）、云山一等（3000 元）三级；社团有 AI 协会与机器人战队，图书馆藏书 380 万册、7:00-22:00 开放。"", ""evidence"": false}, {""doc"": ""doc13"", ""score"": 0.371965, ""detail"": ""社区 C3 学生生活：奖学金分国家（8000 元）、校长（20000 元）、云山一等（3000 元）三级；社团有 AI 协会与机器人战队，图书馆藏书 380 万册、7:00-22:00 开放。"", ""evidence"": false}, {""doc"": ""doc02"", ""score"": 0.206755, ""detail"": ""社区 C1 教学与课程：人工智能学院设三个系，开设《大模型通识课》（AI2101，李文瀚主讲）与《知识图谱导论》（AI3305，赵婉晴主讲），AI3305 需先修《数据结构》。"", ""evidence"": false}, {""doc"": ""doc04"", ""score"": 0.206755, ""detail"": ""社区 C1 教学与课程：人工智能学院设三个系，开设《大模型通识课》（AI2101，李文瀚主讲）与《知识图谱导论》（AI3305，赵婉晴主讲），AI3305 需先修《数据结构》。"", ""evidence"": false}]"
GraphRAG,global,5,all20,Q17,fact,云山一等奖学金每年的金额是多少？,doc09,doc09;doc11;doc13;doc02;doc03,1,1.0,1.0,1,"[{""doc"": ""doc09"", ""score"": 0.618456, ""detail"": ""社区 C3 学生生活：奖学金分国家（8000 元）、校长（20000 元）、云山一等（3000 元）三级；社团有 AI 协会与机器人战队，图书馆藏书 380 万册、7:00-22:00 开放。"", ""evidence"": true}, {""doc"": ""doc11"", ""score"": 0.618456, ""detail"": ""社区 C3 学生生活：奖学金分国家（8000 元）、校长（20000 元）、云山一等（3000 元）三级；社团有 AI 协会与机器人战队，图书馆藏书 380 万册、7:00-22:00 开放。"", ""evidence"": false}, {""doc"": ""doc13"", ""score"": 0.618456, ""detail"": ""社区 C3 学生生活：奖学金分国家（8000 元）、校长（20000 元）、云山一等（3000 元）三级；社团有 AI 协会与机器人战队，图书馆藏书 380 万册、7:00-22:00 开放。"", ""evidence"": false}, {""doc"": ""doc02"", ""score"": 0.270175, ""detail"": ""社区 C2 科研与国际：认知计算全国重点实验室依托人工智能学院，岭南超算中心由计算机学院参与共建；学院与新加坡南洋理工大学有联合培养项目。"", ""evidence"": false}, {""doc"": ""doc03"", ""score"": 0.270175, ""detail"": ""社区 C2 科研与国际：认知计算全国重点实验室依托人工智能学院，岭南超算中心由计算机学院参与共建；学院与新加坡南洋理工大学有联合培养项目。"", ""evidence"": false}]"
GraphRAG,global,5,all20,Q18,multi,《大模型通识课》的主讲教师指导哪个学生社团？,doc06;doc04;doc11,doc02;doc04;doc06;doc07;doc08,2,0.6666666666666666,0.5,0,"[{""doc"": ""doc02"", ""score"": 0.566283, ""detail"": ""社区 C1 教学与课程：人工智能学院设三个系，开设《大模型通识课》（AI2101，李文瀚主讲）与《知识图谱导论》（AI3305，赵婉晴主讲），AI3305 需先修《数据结构》。"", ""evidence"": false}, {""doc"": ""doc04"", ""score"": 0.566283, ""detail"": ""社区 C1 教学与课程：人工智能学院设三个系，开设《大模型通识课》（AI2101，李文瀚主讲）与《知识图谱导论》（AI3305，赵婉晴主讲），AI3305 需先修《数据结构》。"", ""evidence"": true}, {""doc"": ""doc06"", ""score"": 0.566283, ""detail"": ""社区 C1 教学与课程：人工智能学院设三个系，开设《大模型通识课》（AI2101，李文瀚主讲）与《知识图谱导论》（AI3305，赵婉晴主讲），AI3305 需先修《数据结构》。"", ""evidence"": true}, {""doc"": ""doc07"", ""score"": 0.566283, ""detail"": ""社区 C1 教学与课程：人工智能学院设三个系，开设《大模型通识课》（AI2101，李文瀚主讲）与《知识图谱导论》（AI3305，赵婉晴主讲），AI3305 需先修《数据结构》。"", ""evidence"": false}, {""doc"": ""doc08"", ""score"": 0.566283, ""detail"": ""社区 C1 教学与课程：人工智能学院设三个系，开设《大模型通识课》（AI2101，李文瀚主讲）与《知识图谱导论》（AI3305，赵婉晴主讲），AI3305 需先修《数据结构》。"", ""evidence"": false}]"
GraphRAG,global,5,all20,Q19,multi,机器人战队指导教师所在学院的院长是谁？,doc11;doc04;doc02,doc09;doc11;doc13;doc02;doc03,2,0.6666666666666666,0.5,0,"[{""doc"": ""doc09"", ""score"": 0.395813, ""detail"": ""社区 C3 学生生活：奖学金分国家（8000 元）、校长（20000 元）、云山一等（3000 元）三级；社团有 AI 协会与机器人战队，图书馆藏书 380 万册、7:00-22:00 开放。"", ""evidence"": false}, {""doc"": ""doc11"", ""score"": 0.395813, ""detail"": ""社区 C3 学生生活：奖学金分国家（8000 元）、校长（20000 元）、云山一等（3000 元）三级；社团有 AI 协会与机器人战队，图书馆藏书 380 万册、7:00-22:00 开放。"", ""evidence"": true}, {""doc"": ""doc13"", ""score"": 0.395813, ""detail"": ""社区 C3 学生生活：奖学金分国家（8000 元）、校长（20000 元）、云山一等（3000 元）三级；社团有 AI 协会与机器人战队，图书馆藏书 380 万册、7:00-22:00 开放。"", ""evidence"": false}, {""doc"": ""doc02"", ""score"": 0.33694, ""detail"": ""社区 C2 科研与国际：认知计算全国重点实验室依托人工智能学院，岭南超算中心由计算机学院参与共建；学院与新加坡南洋理工大学有联合培养项目。"", ""evidence"": true}, {""doc"": ""doc03"", ""score"": 0.33694, ""detail"": ""社区 C2 科研与国际：认知计算全国重点实验室依托人工智能学院，岭南超算中心由计算机学院参与共建；学院与新加坡南洋理工大学有联合培养项目。"", ""evidence"": false}]"
GraphRAG,global,5,all20,Q20,global,学校提供哪些国际交流机会？人工智能学院参与了什么项目？,doc15,doc02;doc04;doc06;doc07;doc08,0,0.0,0.0,0,"[{""doc"": ""doc02"", ""score"": 0.618688, ""detail"": ""社区 C1 教学与课程：人工智能学院设三个系，开设《大模型通识课》（AI2101，李文瀚主讲）与《知识图谱导论》（AI3305，赵婉晴主讲），AI3305 需先修《数据结构》。"", ""evidence"": false}, {""doc"": ""doc04"", ""score"": 0.618688, ""detail"": ""社区 C1 教学与课程：人工智能学院设三个系，开设《大模型通识课》（AI2101，李文瀚主讲）与《知识图谱导论》（AI3305，赵婉晴主讲），AI3305 需先修《数据结构》。"", ""evidence"": false}, {""doc"": ""doc06"", ""score"": 0.618688, ""detail"": ""社区 C1 教学与课程：人工智能学院设三个系，开设《大模型通识课》（AI2101，李文瀚主讲）与《知识图谱导论》（AI3305，赵婉晴主讲），AI3305 需先修《数据结构》。"", ""evidence"": false}, {""doc"": ""doc07"", ""score"": 0.618688, ""detail"": ""社区 C1 教学与课程：人工智能学院设三个系，开设《大模型通识课》（AI2101，李文瀚主讲）与《知识图谱导论》（AI3305，赵婉晴主讲），AI3305 需先修《数据结构》。"", ""evidence"": false}, {""doc"": ""doc08"", ""score"": 0.618688, ""detail"": ""社区 C1 教学与课程：人工智能学院设三个系，开设《大模型通识课》（AI2101，李文瀚主讲）与《知识图谱导论》（AI3305，赵婉晴主讲），AI3305 需先修《数据结构》。"", ""evidence"": false}]"
Vector RAG,na,1,builtin15,Q01,multi,《大模型通识课》授课教师所在学院的行政负责人是谁？,doc04;doc06;doc02,doc04,1,0.3333333333333333,1.0,0,"[{""doc"": ""doc04"", ""score"": 0.683426, ""detail"": ""人工智能学院教师：李文瀚，教授，2019 年入职，研究方向为检索增强生成，主讲《大模型通识课》；赵婉晴，副教授，研究方向为知识图谱，主讲《知识图谱导论》；孙浩然，讲师，研究方向为强化学习。"", ""evidence"": true}]"
Vector RAG,na,1,builtin15,Q02,multi,AI 协会的指导教师主讲课程的课程代码是什么？,doc11;doc04;doc06,doc07,0,0.0,0.0,0,"[{""doc"": ""doc07"", ""score"": 0.795045, ""detail"": ""《知识图谱导论》课程代码 AI3305，2 学分，秋季学期开设，授课教师赵婉晴，面向人工智能学院研究生。"", ""evidence"": false}]"
Vector RAG,na,1,builtin15,Q03,multi,认知计算全国重点实验室依托的学院成立于哪一年？,doc10;doc02,doc10,1,0.5,1.0,0,"[{""doc"": ""doc10"", ""score"": 0.688067, ""detail"": ""科研平台：认知计算全国重点实验室依托人工智能学院建设；岭南超算中心由云山大学与省科技厅共建，计算机学院参与运行管理。"", ""evidence"": true}]"
Vector RAG,na,1,builtin15,Q04,multi,《知识图谱导论》授课教师的研究方向是什么？,doc07;doc04,doc04,1,0.5,1.0,0,"[{""doc"": ""doc04"", ""score"": 0.720972, ""detail"": ""人工智能学院教师：李文瀚，教授，2019 年入职，研究方向为检索增强生成，主讲《大模型通识课》；赵婉晴，副教授，研究方向为知识图谱，主讲《知识图谱导论》；孙浩然，讲师，研究方向为强化学习。"", ""evidence"": true}]"
Vector RAG,na,1,builtin15,Q05,multi,机器人战队的指导教师的研究方向是什么？,doc11;doc04,doc11,1,0.5,1.0,0,"[{""doc"": ""doc11"", ""score"": 0.782681, ""detail"": ""学生社团：AI 协会，指导教师李文瀚，每周三晚组织论文研读；机器人战队，指导教师孙浩然，每年参加全国机器人大赛。"", ""evidence"": true}]"
Vector RAG,na,1,builtin15,Q06,fact,云山大学的校训是什么？,doc01,doc01,1,1.0,1.0,1,"[{""doc"": ""doc01"", ""score"": 0.64523, ""detail"": ""云山大学位于岭南省云州市，建于 1958 年，是省属重点大学，现有全日制本科生约 2.1 万人。校训为「格物致知」。"", ""evidence"": true}]"
Vector RAG,na,1,builtin15,Q07,fact,国家奖学金的金额是多少？,doc09,doc09,1,1.0,1.0,1,"[{""doc"": ""doc09"", ""score"": 0.8462, ""detail"": ""奖学金体系：国家奖学金 8000 元/年，评定比例约 2%；校长奖学金 20000 元/年，全校每年 10 人；云山一等奖学金 3000 元/年，比例约 5%。"", ""evidence"": true}]"
Vector RAG,na,1,builtin15,Q08,fact,图书馆每天几点到几点开放？,doc13,doc13,1,1.0,1.0,1,"[{""doc"": ""doc13"", ""score"": 0.548465, ""detail"": ""图书馆藏书 380 万册，开放时间为每天 7:00-22:00；人工智能分馆位于理科楼 B 座 3 层，收藏大模型与智能体专题图书。"", ""evidence"": true}]"
Vector RAG,na,1,builtin15,Q09,fact,人工智能学院成立于哪一年？,doc02,doc02,1,1.0,1.0,1,"[{""doc"": ""doc02"", ""score"": 0.716225, ""detail"": ""人工智能学院成立于 2018 年，首任及现任院长为王启明教授。学院下设机器学习系、智能科学系、认知计算系三个系。"", ""evidence"": true}]"
Vector RAG,na,1,builtin15,Q10,fact,春季学期什么时候开学？,doc12,doc12,1,1.0,1.0,1,"[{""doc"": ""doc12"", ""score"": 0.900176, ""detail"": ""校历：春季学期 3 月 2 日开学、7 月 5 日放暑假；秋季学期 9 月 1 日开学、次年 1 月 15 日放寒假。"", ""evidence"": true}]"
Vector RAG,na,1,builtin15,Q11,global,云山大学有哪些科研平台？分别依托谁建设？,doc10;doc02;doc03,doc10,1,0.3333333333333333,1.0,0,"[{""doc"": ""doc10"", ""score"": 0.653419, ""detail"": ""科研平台：认知计算全国重点实验室依托人工智能学院建设；岭南超算中心由云山大学与省科技厅共建，计算机学院参与运行管理。"", ""evidence"": true}]"
Vector RAG,na,1,builtin15,Q12,global,学校的学生奖励体系包含哪些项目？,doc09,doc15,0,0.0,0.0,0,"[{""doc"": ""doc15"", ""score"": 0.465685, ""detail"": ""国际交流：学校与 12 个国家的 47 所高校签有交换协议；人工智能学院与新加坡南洋理工大学有本科联合培养项目。"", ""evidence"": false}]"
Vector RAG,na,1,builtin15,Q13,global,人工智能学院有哪些教师？各自做什么研究方向？,doc04,doc04,1,1.0,1.0,1,"[{""doc"": ""doc04"", ""score"": 0.810867, ""detail"": ""人工智能学院教师：李文瀚，教授，2019 年入职，研究方向为检索增强生成，主讲《大模型通识课》；赵婉晴，副教授，研究方向为知识图谱，主讲《知识图谱导论》；孙浩然，讲师，研究方向为强化学习。"", ""evidence"": true}]"
Vector RAG,na,1,builtin15,Q14,global,本科生选课有哪些限制和先修要求？,doc08,doc08,1,1.0,1.0,1,"[{""doc"": ""doc08"", ""score"": 0.680267, ""detail"": ""选课规则：本科生每学期最多修 30 学分；GPA 低于 2.0 给予学术警告。先修要求：《知识图谱导论》需先修《数据结构》，《大模型通识课》无先修要求。"", ""evidence"": true}]"
Vector RAG,na,1,builtin15,Q15,global,对想深入学习大模型的学生，学校提供哪些课程和课外活动？,doc06;doc11,doc06,1,0.5,1.0,0,"[{""doc"": ""doc06"", ""score"": 0.697189, ""detail"": ""《大模型通识课》课程代码 AI2101，3 学分、32 学时，春季学期开设，授课教师李文瀚，面向全校本科生，无先修课程要求。"", ""evidence"": true}]"
GraphRAG,local,1,builtin15,Q01,multi,《大模型通识课》授课教师所在学院的行政负责人是谁？,doc04;doc06;doc02,doc06,1,0.3333333333333333,1.0,0,"[{""doc"": ""doc06"", ""score"": 0.686135, ""detail"": ""李文瀚—主讲→大模型通识课"", ""evidence"": true}]"
GraphRAG,local,1,builtin15,Q02,multi,AI 协会的指导教师主讲课程的课程代码是什么？,doc11;doc04;doc06,doc11,1,0.3333333333333333,1.0,0,"[{""doc"": ""doc11"", ""score"": 0.819371, ""detail"": ""AI 协会—指导教师→李文瀚"", ""evidence"": true}]"
GraphRAG,local,1,builtin15,Q03,multi,认知计算全国重点实验室依托的学院成立于哪一年？,doc10;doc02,doc10,1,0.5,1.0,0,"[{""doc"": ""doc10"", ""score"": 0.738468, ""detail"": ""认知计算全国重点实验室—依托→人工智能学院"", ""evidence"": true}]"
GraphRAG,local,1,builtin15,Q04,multi,《知识图谱导论》授课教师的研究方向是什么？,doc07;doc04,doc08,0,0.0,0.0,0,"[{""doc"": ""doc08"", ""score"": 0.824635, ""detail"": ""知识图谱导论—先修课程→数据结构"", ""evidence"": false}]"
GraphRAG,local,1,builtin15,Q05,multi,机器人战队的指导教师的研究方向是什么？,doc11;doc04,doc11,1,0.5,1.0,0,"[{""doc"": ""doc11"", ""score"": 0.907992, ""detail"": ""机器人战队—指导教师→孙浩然"", ""evidence"": true}]"
GraphRAG,local,1,builtin15,Q06,fact,云山大学的校训是什么？,doc01,doc01,1,1.0,1.0,1,"[{""doc"": ""doc01"", ""score"": 0.896995, ""detail"": ""云山大学—校训→格物致知"", ""evidence"": true}]"
GraphRAG,local,1,builtin15,Q07,fact,国家奖学金的金额是多少？,doc09,doc09,1,1.0,1.0,1,"[{""doc"": ""doc09"", ""score"": 0.88758, ""detail"": ""国家奖学金—金额→8000 元/年"", ""evidence"": true}]"
GraphRAG,local,1,builtin15,Q08,fact,图书馆每天几点到几点开放？,doc13,doc13,1,1.0,1.0,1,"[{""doc"": ""doc13"", ""score"": 0.476171, ""detail"": ""图书馆—藏书量→380 万册"", ""evidence"": true}]"
GraphRAG,local,1,builtin15,Q09,fact,人工智能学院成立于哪一年？,doc02,doc02,1,1.0,1.0,1,"[{""doc"": ""doc02"", ""score"": 0.836243, ""detail"": ""人工智能学院—成立于→2018 年"", ""evidence"": true}]"
GraphRAG,local,1,builtin15,Q10,fact,春季学期什么时候开学？,doc12,doc12,1,1.0,1.0,1,"[{""doc"": ""doc12"", ""score"": 0.91306, ""detail"": ""春季学期—开学日期→3 月 2 日"", ""evidence"": true}]"
GraphRAG,local,1,builtin15,Q11,global,云山大学有哪些科研平台？分别依托谁建设？,doc10;doc02;doc03,doc01,0,0.0,0.0,0,"[{""doc"": ""doc01"", ""score"": 0.703714, ""detail"": ""云山大学—校训→格物致知"", ""evidence"": false}]"
GraphRAG,local,1,builtin15,Q12,global,学校的学生奖励体系包含哪些项目？,doc09,doc09,1,1.0,1.0,1,"[{""doc"": ""doc09"", ""score"": 0.479209, ""detail"": ""社区 C3 学生生活：奖学金分国家（8000 元）、校长（20000 元）、云山一等（3000 元）三级；社团有 AI 协会与机器人战队，图书馆藏书 380 万册、7:00-22:00 开放。"", ""evidence"": true}]"
GraphRAG,local,1,builtin15,Q13,global,人工智能学院有哪些教师？各自做什么研究方向？,doc04,doc11,0,0.0,0.0,0,"[{""doc"": ""doc11"", ""score"": 0.839301, ""detail"": ""AI 协会—指导教师→李文瀚"", ""evidence"": false}]"
GraphRAG,local,1,builtin15,Q14,global,本科生选课有哪些限制和先修要求？,doc08,doc02,0,0.0,0.0,0,"[{""doc"": ""doc02"", ""score"": 0.350276, ""detail"": ""社区 C1 教学与课程：人工智能学院设三个系，开设《大模型通识课》（AI2101，李文瀚主讲）与《知识图谱导论》（AI3305，赵婉晴主讲），AI3305 需先修《数据结构》。"", ""evidence"": false}]"
GraphRAG,local,1,builtin15,Q15,global,对想深入学习大模型的学生，学校提供哪些课程和课外活动？,doc06;doc11,doc02,0,0.0,0.0,0,"[{""doc"": ""doc02"", ""score"": 0.52265, ""detail"": ""社区 C1 教学与课程：人工智能学院设三个系，开设《大模型通识课》（AI2101，李文瀚主讲）与《知识图谱导论》（AI3305，赵婉晴主讲），AI3305 需先修《数据结构》。"", ""evidence"": false}]"
WikiRAG,na,1,builtin15,Q01,multi,《大模型通识课》授课教师所在学院的行政负责人是谁？,doc04;doc06;doc02,doc04,1,0.3333333333333333,1.0,0,"[{""doc"": ""doc04"", ""score"": 0.671299, ""detail"": ""人工智能学院教师"", ""evidence"": true}]"
WikiRAG,na,1,builtin15,Q02,multi,AI 协会的指导教师主讲课程的课程代码是什么？,doc11;doc04;doc06,doc07,0,0.0,0.0,0,"[{""doc"": ""doc07"", ""score"": 0.678776, ""detail"": ""知识图谱导论"", ""evidence"": false}]"
WikiRAG,na,1,builtin15,Q03,multi,认知计算全国重点实验室依托的学院成立于哪一年？,doc10;doc02,doc02,1,0.5,1.0,0,"[{""doc"": ""doc02"", ""score"": 0.695022, ""detail"": ""人工智能学院"", ""evidence"": true}]"
WikiRAG,na,1,builtin15,Q04,multi,《知识图谱导论》授课教师的研究方向是什么？,doc07;doc04,doc07,1,0.5,1.0,0,"[{""doc"": ""doc07"", ""score"": 0.713618, ""detail"": ""知识图谱导论"", ""evidence"": true}]"
WikiRAG,na,1,builtin15,Q05,multi,机器人战队的指导教师的研究方向是什么？,doc11;doc04,doc04,1,0.5,1.0,0,"[{""doc"": ""doc04"", ""score"": 0.715674, ""detail"": ""人工智能学院教师"", ""evidence"": true}]"
WikiRAG,na,1,builtin15,Q06,fact,云山大学的校训是什么？,doc01,doc01,1,1.0,1.0,1,"[{""doc"": ""doc01"", ""score"": 0.679908, ""detail"": ""云山大学"", ""evidence"": true}]"
WikiRAG,na,1,builtin15,Q07,fact,国家奖学金的金额是多少？,doc09,doc09,1,1.0,1.0,1,"[{""doc"": ""doc09"", ""score"": 0.866399, ""detail"": ""奖学金体系"", ""evidence"": true}]"
WikiRAG,na,1,builtin15,Q08,fact,图书馆每天几点到几点开放？,doc13,doc11,0,0.0,0.0,0,"[{""doc"": ""doc11"", ""score"": 0.414517, ""detail"": ""学生社团与校园生活"", ""evidence"": false}]"
WikiRAG,na,1,builtin15,Q09,fact,人工智能学院成立于哪一年？,doc02,doc02,1,1.0,1.0,1,"[{""doc"": ""doc02"", ""score"": 0.716072, ""detail"": ""人工智能学院"", ""evidence"": true}]"
WikiRAG,na,1,builtin15,Q10,fact,春季学期什么时候开学？,doc12,doc06,0,0.0,0.0,0,"[{""doc"": ""doc06"", ""score"": 0.556659, ""detail"": ""大模型通识课"", ""evidence"": false}]"
WikiRAG,na,1,builtin15,Q11,global,云山大学有哪些科研平台？分别依托谁建设？,doc10;doc02;doc03,doc05,0,0.0,0.0,0,"[{""doc"": ""doc05"", ""score"": 0.532092, ""detail"": ""计算机学院教师"", ""evidence"": false}]"
WikiRAG,na,1,builtin15,Q12,global,学校的学生奖励体系包含哪些项目？,doc09,doc09,1,1.0,1.0,1,"[{""doc"": ""doc09"", ""score"": 0.447702, ""detail"": ""奖学金体系"", ""evidence"": true}]"
WikiRAG,na,1,builtin15,Q13,global,人工智能学院有哪些教师？各自做什么研究方向？,doc04,doc04,1,1.0,1.0,1,"[{""doc"": ""doc04"", ""score"": 0.718147, ""detail"": ""人工智能学院教师"", ""evidence"": true}]"
WikiRAG,na,1,builtin15,Q14,global,本科生选课有哪些限制和先修要求？,doc08,doc06,0,0.0,0.0,0,"[{""doc"": ""doc06"", ""score"": 0.576648, ""detail"": ""大模型通识课"", ""evidence"": false}]"
WikiRAG,na,1,builtin15,Q15,global,对想深入学习大模型的学生，学校提供哪些课程和课外活动？,doc06;doc11,doc06,1,0.5,1.0,0,"[{""doc"": ""doc06"", ""score"": 0.713873, ""detail"": ""大模型通识课"", ""evidence"": true}]"
Hybrid RAG,na,1,builtin15,Q01,multi,《大模型通识课》授课教师所在学院的行政负责人是谁？,doc04;doc06;doc02,doc04,1,0.3333333333333333,1.0,0,"[{""doc"": ""doc04"", ""score"": 0.032522, ""detail"": ""vector=1, lexical=2"", ""evidence"": true}]"
Hybrid RAG,na,1,builtin15,Q02,multi,AI 协会的指导教师主讲课程的课程代码是什么？,doc11;doc04;doc06,doc07,0,0.0,0.0,0,"[{""doc"": ""doc07"", ""score"": 0.032522, ""detail"": ""vector=1, lexical=2"", ""evidence"": false}]"
Hybrid RAG,na,1,builtin15,Q03,multi,认知计算全国重点实验室依托的学院成立于哪一年？,doc10;doc02,doc10,1,0.5,1.0,0,"[{""doc"": ""doc10"", ""score"": 0.032787, ""detail"": ""vector=1, lexical=1"", ""evidence"": true}]"
Hybrid RAG,na,1,builtin15,Q04,multi,《知识图谱导论》授课教师的研究方向是什么？,doc07;doc04,doc04,1,0.5,1.0,0,"[{""doc"": ""doc04"", ""score"": 0.032522, ""detail"": ""vector=1, lexical=2"", ""evidence"": true}]"
Hybrid RAG,na,1,builtin15,Q05,multi,机器人战队的指导教师的研究方向是什么？,doc11;doc04,doc11,1,0.5,1.0,0,"[{""doc"": ""doc11"", ""score"": 0.032787, ""detail"": ""vector=1, lexical=1"", ""evidence"": true}]"
Hybrid RAG,na,1,builtin15,Q06,fact,云山大学的校训是什么？,doc01,doc01,1,1.0,1.0,1,"[{""doc"": ""doc01"", ""score"": 0.032787, ""detail"": ""vector=1, lexical=1"", ""evidence"": true}]"
Hybrid RAG,na,1,builtin15,Q07,fact,国家奖学金的金额是多少？,doc09,doc09,1,1.0,1.0,1,"[{""doc"": ""doc09"", ""score"": 0.032787, ""detail"": ""vector=1, lexical=1"", ""evidence"": true}]"
Hybrid RAG,na,1,builtin15,Q08,fact,图书馆每天几点到几点开放？,doc13,doc13,1,1.0,1.0,1,"[{""doc"": ""doc13"", ""score"": 0.032787, ""detail"": ""vector=1, lexical=1"", ""evidence"": true}]"
Hybrid RAG,na,1,builtin15,Q09,fact,人工智能学院成立于哪一年？,doc02,doc02,1,1.0,1.0,1,"[{""doc"": ""doc02"", ""score"": 0.032787, ""detail"": ""vector=1, lexical=1"", ""evidence"": true}]"
Hybrid RAG,na,1,builtin15,Q10,fact,春季学期什么时候开学？,doc12,doc12,1,1.0,1.0,1,"[{""doc"": ""doc12"", ""score"": 0.032787, ""detail"": ""vector=1, lexical=1"", ""evidence"": true}]"
Hybrid RAG,na,1,builtin15,Q11,global,云山大学有哪些科研平台？分别依托谁建设？,doc10;doc02;doc03,doc10,1,0.3333333333333333,1.0,0,"[{""doc"": ""doc10"", ""score"": 0.032787, ""detail"": ""vector=1, lexical=1"", ""evidence"": true}]"
Hybrid RAG,na,1,builtin15,Q12,global,学校的学生奖励体系包含哪些项目？,doc09,doc15,0,0.0,0.0,0,"[{""doc"": ""doc15"", ""score"": 0.032787, ""detail"": ""vector=1, lexical=1"", ""evidence"": false}]"
Hybrid RAG,na,1,builtin15,Q13,global,人工智能学院有哪些教师？各自做什么研究方向？,doc04,doc04,1,1.0,1.0,1,"[{""doc"": ""doc04"", ""score"": 0.032522, ""detail"": ""vector=1, lexical=2"", ""evidence"": true}]"
Hybrid RAG,na,1,builtin15,Q14,global,本科生选课有哪些限制和先修要求？,doc08,doc08,1,1.0,1.0,1,"[{""doc"": ""doc08"", ""score"": 0.032787, ""detail"": ""vector=1, lexical=1"", ""evidence"": true}]"
Hybrid RAG,na,1,builtin15,Q15,global,对想深入学习大模型的学生，学校提供哪些课程和课外活动？,doc06;doc11,doc06,1,0.5,1.0,0,"[{""doc"": ""doc06"", ""score"": 0.032787, ""detail"": ""vector=1, lexical=1"", ""evidence"": true}]"
GraphRAG,global,1,builtin15,Q01,multi,《大模型通识课》授课教师所在学院的行政负责人是谁？,doc04;doc06;doc02,doc02,1,0.3333333333333333,1.0,0,"[{""doc"": ""doc02"", ""score"": 0.528815, ""detail"": ""社区 C1 教学与课程：人工智能学院设三个系，开设《大模型通识课》（AI2101，李文瀚主讲）与《知识图谱导论》（AI3305，赵婉晴主讲），AI3305 需先修《数据结构》。"", ""evidence"": true}]"
GraphRAG,global,1,builtin15,Q02,multi,AI 协会的指导教师主讲课程的课程代码是什么？,doc11;doc04;doc06,doc02,0,0.0,0.0,0,"[{""doc"": ""doc02"", ""score"": 0.733584, ""detail"": ""社区 C1 教学与课程：人工智能学院设三个系，开设《大模型通识课》（AI2101，李文瀚主讲）与《知识图谱导论》（AI3305，赵婉晴主讲），AI3305 需先修《数据结构》。"", ""evidence"": false}]"
GraphRAG,global,1,builtin15,Q03,multi,认知计算全国重点实验室依托的学院成立于哪一年？,doc10;doc02,doc02,1,0.5,1.0,0,"[{""doc"": ""doc02"", ""score"": 0.62097, ""detail"": ""社区 C2 科研与国际：认知计算全国重点实验室依托人工智能学院，岭南超算中心由计算机学院参与共建；学院与新加坡南洋理工大学有联合培养项目。"", ""evidence"": true}]"
GraphRAG,global,1,builtin15,Q04,multi,《知识图谱导论》授课教师的研究方向是什么？,doc07;doc04,doc02,0,0.0,0.0,0,"[{""doc"": ""doc02"", ""score"": 0.526289, ""detail"": ""社区 C1 教学与课程：人工智能学院设三个系，开设《大模型通识课》（AI2101，李文瀚主讲）与《知识图谱导论》（AI3305，赵婉晴主讲），AI3305 需先修《数据结构》。"", ""evidence"": false}]"
GraphRAG,global,1,builtin15,Q05,multi,机器人战队的指导教师的研究方向是什么？,doc11;doc04,doc02,0,0.0,0.0,0,"[{""doc"": ""doc02"", ""score"": 0.42753, ""detail"": ""社区 C1 教学与课程：人工智能学院设三个系，开设《大模型通识课》（AI2101，李文瀚主讲）与《知识图谱导论》（AI3305，赵婉晴主讲），AI3305 需先修《数据结构》。"", ""evidence"": false}]"
GraphRAG,global,1,builtin15,Q06,fact,云山大学的校训是什么？,doc01,doc02,0,0.0,0.0,0,"[{""doc"": ""doc02"", ""score"": 0.486101, ""detail"": ""社区 C2 科研与国际：认知计算全国重点实验室依托人工智能学院，岭南超算中心由计算机学院参与共建；学院与新加坡南洋理工大学有联合培养项目。"", ""evidence"": false}]"
GraphRAG,global,1,builtin15,Q07,fact,国家奖学金的金额是多少？,doc09,doc09,1,1.0,1.0,1,"[{""doc"": ""doc09"", ""score"": 0.598928, ""detail"": ""社区 C3 学生生活：奖学金分国家（8000 元）、校长（20000 元）、云山一等（3000 元）三级；社团有 AI 协会与机器人战队，图书馆藏书 380 万册、7:00-22:00 开放。"", ""evidence"": true}]"
GraphRAG,global,1,builtin15,Q08,fact,图书馆每天几点到几点开放？,doc13,doc09,0,0.0,0.0,0,"[{""doc"": ""doc09"", ""score"": 0.27667, ""detail"": ""社区 C3 学生生活：奖学金分国家（8000 元）、校长（20000 元）、云山一等（3000 元）三级；社团有 AI 协会与机器人战队，图书馆藏书 380 万册、7:00-22:00 开放。"", ""evidence"": false}]"
GraphRAG,global,1,builtin15,Q09,fact,人工智能学院成立于哪一年？,doc02,doc02,1,1.0,1.0,1,"[{""doc"": ""doc02"", ""score"": 0.60068, ""detail"": ""社区 C1 教学与课程：人工智能学院设三个系，开设《大模型通识课》（AI2101，李文瀚主讲）与《知识图谱导论》（AI3305，赵婉晴主讲），AI3305 需先修《数据结构》。"", ""evidence"": true}]"
GraphRAG,global,1,builtin15,Q10,fact,春季学期什么时候开学？,doc12,doc02,0,0.0,0.0,0,"[{""doc"": ""doc02"", ""score"": 0.222629, ""detail"": ""社区 C1 教学与课程：人工智能学院设三个系，开设《大模型通识课》（AI2101，李文瀚主讲）与《知识图谱导论》（AI3305，赵婉晴主讲），AI3305 需先修《数据结构》。"", ""evidence"": false}]"
GraphRAG,global,1,builtin15,Q11,global,云山大学有哪些科研平台？分别依托谁建设？,doc10;doc02;doc03,doc02,1,0.3333333333333333,1.0,0,"[{""doc"": ""doc02"", ""score"": 0.570326, ""detail"": ""社区 C2 科研与国际：认知计算全国重点实验室依托人工智能学院，岭南超算中心由计算机学院参与共建；学院与新加坡南洋理工大学有联合培养项目。"", ""evidence"": true}]"
GraphRAG,global,1,builtin15,Q12,global,学校的学生奖励体系包含哪些项目？,doc09,doc09,1,1.0,1.0,1,"[{""doc"": ""doc09"", ""score"": 0.479209, ""detail"": ""社区 C3 学生生活：奖学金分国家（8000 元）、校长（20000 元）、云山一等（3000 元）三级；社团有 AI 协会与机器人战队，图书馆藏书 380 万册、7:00-22:00 开放。"", ""evidence"": true}]"
GraphRAG,global,1,builtin15,Q13,global,人工智能学院有哪些教师？各自做什么研究方向？,doc04,doc02,0,0.0,0.0,0,"[{""doc"": ""doc02"", ""score"": 0.702628, ""detail"": ""社区 C1 教学与课程：人工智能学院设三个系，开设《大模型通识课》（AI2101，李文瀚主讲）与《知识图谱导论》（AI3305，赵婉晴主讲），AI3305 需先修《数据结构》。"", ""evidence"": false}]"
GraphRAG,global,1,builtin15,Q14,global,本科生选课有哪些限制和先修要求？,doc08,doc02,0,0.0,0.0,0,"[{""doc"": ""doc02"", ""score"": 0.350276, ""detail"": ""社区 C1 教学与课程：人工智能学院设三个系，开设《大模型通识课》（AI2101，李文瀚主讲）与《知识图谱导论》（AI3305，赵婉晴主讲），AI3305 需先修《数据结构》。"", ""evidence"": false}]"
GraphRAG,global,1,builtin15,Q15,global,对想深入学习大模型的学生，学校提供哪些课程和课外活动？,doc06;doc11,doc02,0,0.0,0.0,0,"[{""doc"": ""doc02"", ""score"": 0.52265, ""detail"": ""社区 C1 教学与课程：人工智能学院设三个系，开设《大模型通识课》（AI2101，李文瀚主讲）与《知识图谱导论》（AI3305，赵婉晴主讲），AI3305 需先修《数据结构》。"", ""evidence"": false}]"
Vector RAG,na,2,builtin15,Q01,multi,《大模型通识课》授课教师所在学院的行政负责人是谁？,doc04;doc06;doc02,doc04;doc06,1,0.6666666666666666,1.0,0,"[{""doc"": ""doc04"", ""score"": 0.683426, ""detail"": ""人工智能学院教师：李文瀚，教授，2019 年入职，研究方向为检索增强生成，主讲《大模型通识课》；赵婉晴，副教授，研究方向为知识图谱，主讲《知识图谱导论》；孙浩然，讲师，研究方向为强化学习。"", ""evidence"": true}, {""doc"": ""doc06"", ""score"": 0.602752, ""detail"": ""《大模型通识课》课程代码 AI2101，3 学分、32 学时，春季学期开设，授课教师李文瀚，面向全校本科生，无先修课程要求。"", ""evidence"": true}]"
Vector RAG,na,2,builtin15,Q02,multi,AI 协会的指导教师主讲课程的课程代码是什么？,doc11;doc04;doc06,doc07;doc06,2,0.3333333333333333,0.5,0,"[{""doc"": ""doc07"", ""score"": 0.795045, ""detail"": ""《知识图谱导论》课程代码 AI3305，2 学分，秋季学期开设，授课教师赵婉晴，面向人工智能学院研究生。"", ""evidence"": false}, {""doc"": ""doc06"", ""score"": 0.767115, ""detail"": ""《大模型通识课》课程代码 AI2101，3 学分、32 学时，春季学期开设，授课教师李文瀚，面向全校本科生，无先修课程要求。"", ""evidence"": true}]"
Vector RAG,na,2,builtin15,Q03,multi,认知计算全国重点实验室依托的学院成立于哪一年？,doc10;doc02,doc10;doc02,1,1.0,1.0,1,"[{""doc"": ""doc10"", ""score"": 0.688067, ""detail"": ""科研平台：认知计算全国重点实验室依托人工智能学院建设；岭南超算中心由云山大学与省科技厅共建，计算机学院参与运行管理。"", ""evidence"": true}, {""doc"": ""doc02"", ""score"": 0.563081, ""detail"": ""人工智能学院成立于 2018 年，首任及现任院长为王启明教授。学院下设机器学习系、智能科学系、认知计算系三个系。"", ""evidence"": true}]"
Vector RAG,na,2,builtin15,Q04,multi,《知识图谱导论》授课教师的研究方向是什么？,doc07;doc04,doc04;doc07,1,1.0,1.0,1,"[{""doc"": ""doc04"", ""score"": 0.720972, ""detail"": ""人工智能学院教师：李文瀚，教授，2019 年入职，研究方向为检索增强生成，主讲《大模型通识课》；赵婉晴，副教授，研究方向为知识图谱，主讲《知识图谱导论》；孙浩然，讲师，研究方向为强化学习。"", ""evidence"": true}, {""doc"": ""doc07"", ""score"": 0.65148, ""detail"": ""《知识图谱导论》课程代码 AI3305，2 学分，秋季学期开设，授课教师赵婉晴，面向人工智能学院研究生。"", ""evidence"": true}]"
Vector RAG,na,2,builtin15,Q05,multi,机器人战队的指导教师的研究方向是什么？,doc11;doc04,doc11;doc04,1,1.0,1.0,1,"[{""doc"": ""doc11"", ""score"": 0.782681, ""detail"": ""学生社团：AI 协会，指导教师李文瀚，每周三晚组织论文研读；机器人战队，指导教师孙浩然，每年参加全国机器人大赛。"", ""evidence"": true}, {""doc"": ""doc04"", ""score"": 0.61368, ""detail"": ""人工智能学院教师：李文瀚，教授，2019 年入职，研究方向为检索增强生成，主讲《大模型通识课》；赵婉晴，副教授，研究方向为知识图谱，主讲《知识图谱导论》；孙浩然，讲师，研究方向为强化学习。"", ""evidence"": true}]"
Vector RAG,na,2,builtin15,Q06,fact,云山大学的校训是什么？,doc01,doc01;doc15,1,1.0,1.0,1,"[{""doc"": ""doc01"", ""score"": 0.64523, ""detail"": ""云山大学位于岭南省云州市，建于 1958 年，是省属重点大学，现有全日制本科生约 2.1 万人。校训为「格物致知」。"", ""evidence"": true}, {""doc"": ""doc15"", ""score"": 0.53819, ""detail"": ""国际交流：学校与 12 个国家的 47 所高校签有交换协议；人工智能学院与新加坡南洋理工大学有本科联合培养项目。"", ""evidence"": false}]"
Vector RAG,na,2,builtin15,Q07,fact,国家奖学金的金额是多少？,doc09,doc09;doc01,1,1.0,1.0,1,"[{""doc"": ""doc09"", ""score"": 0.8462, ""detail"": ""奖学金体系：国家奖学金 8000 元/年，评定比例约 2%；校长奖学金 20000 元/年，全校每年 10 人；云山一等奖学金 3000 元/年，比例约 5%。"", ""evidence"": true}, {""doc"": ""doc01"", ""score"": 0.39258, ""detail"": ""云山大学位于岭南省云州市，建于 1958 年，是省属重点大学，现有全日制本科生约 2.1 万人。校训为「格物致知」。"", ""evidence"": false}]"
Vector RAG,na,2,builtin15,Q08,fact,图书馆每天几点到几点开放？,doc13,doc13;doc12,1,1.0,1.0,1,"[{""doc"": ""doc13"", ""score"": 0.548465, ""detail"": ""图书馆藏书 380 万册，开放时间为每天 7:00-22:00；人工智能分馆位于理科楼 B 座 3 层，收藏大模型与智能体专题图书。"", ""evidence"": true}, {""doc"": ""doc12"", ""score"": 0.487478, ""detail"": ""校历：春季学期 3 月 2 日开学、7 月 5 日放暑假；秋季学期 9 月 1 日开学、次年 1 月 15 日放寒假。"", ""evidence"": false}]"
Vector RAG,na,2,builtin15,Q09,fact,人工智能学院成立于哪一年？,doc02,doc02;doc07,1,1.0,1.0,1,"[{""doc"": ""doc02"", ""score"": 0.716225, ""detail"": ""人工智能学院成立于 2018 年，首任及现任院长为王启明教授。学院下设机器学习系、智能科学系、认知计算系三个系。"", ""evidence"": true}, {""doc"": ""doc07"", ""score"": 0.612911, ""detail"": ""《知识图谱导论》课程代码 AI3305，2 学分，秋季学期开设，授课教师赵婉晴，面向人工智能学院研究生。"", ""evidence"": false}]"
Vector RAG,na,2,builtin15,Q10,fact,春季学期什么时候开学？,doc12,doc12;doc06,1,1.0,1.0,1,"[{""doc"": ""doc12"", ""score"": 0.900176, ""detail"": ""校历：春季学期 3 月 2 日开学、7 月 5 日放暑假；秋季学期 9 月 1 日开学、次年 1 月 15 日放寒假。"", ""evidence"": true}, {""doc"": ""doc06"", ""score"": 0.546415, ""detail"": ""《大模型通识课》课程代码 AI2101，3 学分、32 学时，春季学期开设，授课教师李文瀚，面向全校本科生，无先修课程要求。"", ""evidence"": false}]"
Vector RAG,na,2,builtin15,Q11,global,云山大学有哪些科研平台？分别依托谁建设？,doc10;doc02;doc03,doc10;doc05,1,0.3333333333333333,1.0,0,"[{""doc"": ""doc10"", ""score"": 0.653419, ""detail"": ""科研平台：认知计算全国重点实验室依托人工智能学院建设；岭南超算中心由云山大学与省科技厅共建，计算机学院参与运行管理。"", ""evidence"": true}, {""doc"": ""doc05"", ""score"": 0.521833, ""detail"": ""计算机学院教师：周天宇，教授，研究方向为分布式系统；林小雨，副教授，研究方向为数据库系统。"", ""evidence"": false}]"
Vector RAG,na,2,builtin15,Q12,global,学校的学生奖励体系包含哪些项目？,doc09,doc15;doc09,2,1.0,0.5,1,"[{""doc"": ""doc15"", ""score"": 0.465685, ""detail"": ""国际交流：学校与 12 个国家的 47 所高校签有交换协议；人工智能学院与新加坡南洋理工大学有本科联合培养项目。"", ""evidence"": false}, {""doc"": ""doc09"", ""score"": 0.461102, ""detail"": ""奖学金体系：国家奖学金 8000 元/年，评定比例约 2%；校长奖学金 20000 元/年，全校每年 10 人；云山一等奖学金 3000 元/年，比例约 5%。"", ""evidence"": true}]"
Vector RAG,na,2,builtin15,Q13,global,人工智能学院有哪些教师？各自做什么研究方向？,doc04,doc04;doc07,1,1.0,1.0,1,"[{""doc"": ""doc04"", ""score"": 0.810867, ""detail"": ""人工智能学院教师：李文瀚，教授，2019 年入职，研究方向为检索增强生成，主讲《大模型通识课》；赵婉晴，副教授，研究方向为知识图谱，主讲《知识图谱导论》；孙浩然，讲师，研究方向为强化学习。"", ""evidence"": true}, {""doc"": ""doc07"", ""score"": 0.706904, ""detail"": ""《知识图谱导论》课程代码 AI3305，2 学分，秋季学期开设，授课教师赵婉晴，面向人工智能学院研究生。"", ""evidence"": false}]"
Vector RAG,na,2,builtin15,Q14,global,本科生选课有哪些限制和先修要求？,doc08,doc08;doc06,1,1.0,1.0,1,"[{""doc"": ""doc08"", ""score"": 0.680267, ""detail"": ""选课规则：本科生每学期最多修 30 学分；GPA 低于 2.0 给予学术警告。先修要求：《知识图谱导论》需先修《数据结构》，《大模型通识课》无先修要求。"", ""evidence"": true}, {""doc"": ""doc06"", ""score"": 0.592484, ""detail"": ""《大模型通识课》课程代码 AI2101，3 学分、32 学时，春季学期开设，授课教师李文瀚，面向全校本科生，无先修课程要求。"", ""evidence"": false}]"
Vector RAG,na,2,builtin15,Q15,global,对想深入学习大模型的学生，学校提供哪些课程和课外活动？,doc06;doc11,doc06;doc04,1,0.5,1.0,0,"[{""doc"": ""doc06"", ""score"": 0.697189, ""detail"": ""《大模型通识课》课程代码 AI2101，3 学分、32 学时，春季学期开设，授课教师李文瀚，面向全校本科生，无先修课程要求。"", ""evidence"": true}, {""doc"": ""doc04"", ""score"": 0.556546, ""detail"": ""人工智能学院教师：李文瀚，教授，2019 年入职，研究方向为检索增强生成，主讲《大模型通识课》；赵婉晴，副教授，研究方向为知识图谱，主讲《知识图谱导论》；孙浩然，讲师，研究方向为强化学习。"", ""evidence"": false}]"
GraphRAG,local,2,builtin15,Q01,multi,《大模型通识课》授课教师所在学院的行政负责人是谁？,doc04;doc06;doc02,doc06;doc11,1,0.3333333333333333,1.0,0,"[{""doc"": ""doc06"", ""score"": 0.686135, ""detail"": ""李文瀚—主讲→大模型通识课"", ""evidence"": true}, {""doc"": ""doc11"", ""score"": 0.684209, ""detail"": ""AI 协会—指导教师→李文瀚"", ""evidence"": false}]"
GraphRAG,local,2,builtin15,Q02,multi,AI 协会的指导教师主讲课程的课程代码是什么？,doc11;doc04;doc06,doc11;doc06,1,0.6666666666666666,1.0,0,"[{""doc"": ""doc11"", ""score"": 0.819371, ""detail"": ""AI 协会—指导教师→李文瀚"", ""evidence"": true}, {""doc"": ""doc06"", ""score"": 0.77184, ""detail"": ""大模型通识课—课程代码→AI2101"", ""evidence"": true}]"
GraphRAG,local,2,builtin15,Q03,multi,认知计算全国重点实验室依托的学院成立于哪一年？,doc10;doc02,doc10;doc02,1,1.0,1.0,1,"[{""doc"": ""doc10"", ""score"": 0.738468, ""detail"": ""认知计算全国重点实验室—依托→人工智能学院"", ""evidence"": true}, {""doc"": ""doc02"", ""score"": 0.620956, ""detail"": ""人工智能学院—成立于→2018 年"", ""evidence"": true}]"
GraphRAG,local,2,builtin15,Q04,multi,《知识图谱导论》授课教师的研究方向是什么？,doc07;doc04,doc08;doc07,2,0.5,0.5,0,"[{""doc"": ""doc08"", ""score"": 0.824635, ""detail"": ""知识图谱导论—先修课程→数据结构"", ""evidence"": false}, {""doc"": ""doc07"", ""score"": 0.763877, ""detail"": ""知识图谱导论—课程代码→AI3305"", ""evidence"": true}]"
GraphRAG,local,2,builtin15,Q05,multi,机器人战队的指导教师的研究方向是什么？,doc11;doc04,doc11;doc02,1,0.5,1.0,0,"[{""doc"": ""doc11"", ""score"": 0.907992, ""detail"": ""机器人战队—指导教师→孙浩然"", ""evidence"": true}, {""doc"": ""doc02"", ""score"": 0.636048, ""detail"": ""人工智能学院—下设系→机器学习系"", ""evidence"": false}]"
GraphRAG,local,2,builtin15,Q06,fact,云山大学的校训是什么？,doc01,doc01,1,1.0,1.0,1,"[{""doc"": ""doc01"", ""score"": 0.896995, ""detail"": ""云山大学—校训→格物致知"", ""evidence"": true}]"
GraphRAG,local,2,builtin15,Q07,fact,国家奖学金的金额是多少？,doc09,doc09,1,1.0,1.0,1,"[{""doc"": ""doc09"", ""score"": 0.88758, ""detail"": ""国家奖学金—金额→8000 元/年"", ""evidence"": true}]"
GraphRAG,local,2,builtin15,Q08,fact,图书馆每天几点到几点开放？,doc13,doc13,1,1.0,1.0,1,"[{""doc"": ""doc13"", ""score"": 0.476171, ""detail"": ""图书馆—藏书量→380 万册"", ""evidence"": true}]"
GraphRAG,local,2,builtin15,Q09,fact,人工智能学院成立于哪一年？,doc02,doc02;doc04,1,1.0,1.0,1,"[{""doc"": ""doc02"", ""score"": 0.836243, ""detail"": ""人工智能学院—成立于→2018 年"", ""evidence"": true}, {""doc"": ""doc04"", ""score"": 0.667059, ""detail"": ""孙浩然—任职于→人工智能学院"", ""evidence"": false}]"
GraphRAG,local,2,builtin15,Q10,fact,春季学期什么时候开学？,doc12,doc12;doc06,1,1.0,1.0,1,"[{""doc"": ""doc12"", ""score"": 0.91306, ""detail"": ""春季学期—开学日期→3 月 2 日"", ""evidence"": true}, {""doc"": ""doc06"", ""score"": 0.658644, ""detail"": ""大模型通识课—开设学期→春季学期"", ""evidence"": false}]"
GraphRAG,local,2,builtin15,Q11,global,云山大学有哪些科研平台？分别依托谁建设？,doc10;doc02;doc03,doc01,0,0.0,0.0,0,"[{""doc"": ""doc01"", ""score"": 0.703714, ""detail"": ""云山大学—校训→格物致知"", ""evidence"": false}]"
GraphRAG,local,2,builtin15,Q12,global,学校的学生奖励体系包含哪些项目？,doc09,doc09;doc11,1,1.0,1.0,1,"[{""doc"": ""doc09"", ""score"": 0.479209, ""detail"": ""社区 C3 学生生活：奖学金分国家（8000 元）、校长（20000 元）、云山一等（3000 元）三级；社团有 AI 协会与机器人战队，图书馆藏书 380 万册、7:00-22:00 开放。"", ""evidence"": true}, {""doc"": ""doc11"", ""score"": 0.479209, ""detail"": ""社区 C3 学生生活：奖学金分国家（8000 元）、校长（20000 元）、云山一等（3000 元）三级；社团有 AI 协会与机器人战队，图书馆藏书 380 万册、7:00-22:00 开放。"", ""evidence"": false}]"
GraphRAG,local,2,builtin15,Q13,global,人工智能学院有哪些教师？各自做什么研究方向？,doc04,doc11;doc02,0,0.0,0.0,0,"[{""doc"": ""doc11"", ""score"": 0.839301, ""detail"": ""AI 协会—指导教师→李文瀚"", ""evidence"": false}, {""doc"": ""doc02"", ""score"": 0.799742, ""detail"": ""人工智能学院—下设系→智能科学系"", ""evidence"": false}]"
GraphRAG,local,2,builtin15,Q14,global,本科生选课有哪些限制和先修要求？,doc08,doc02;doc04,0,0.0,0.0,0,"[{""doc"": ""doc02"", ""score"": 0.350276, ""detail"": ""社区 C1 教学与课程：人工智能学院设三个系，开设《大模型通识课》（AI2101，李文瀚主讲）与《知识图谱导论》（AI3305，赵婉晴主讲），AI3305 需先修《数据结构》。"", ""evidence"": false}, {""doc"": ""doc04"", ""score"": 0.350276, ""detail"": ""社区 C1 教学与课程：人工智能学院设三个系，开设《大模型通识课》（AI2101，李文瀚主讲）与《知识图谱导论》（AI3305，赵婉晴主讲），AI3305 需先修《数据结构》。"", ""evidence"": false}]"
GraphRAG,local,2,builtin15,Q15,global,对想深入学习大模型的学生，学校提供哪些课程和课外活动？,doc06;doc11,doc02;doc04,0,0.0,0.0,0,"[{""doc"": ""doc02"", ""score"": 0.52265, ""detail"": ""社区 C1 教学与课程：人工智能学院设三个系，开设《大模型通识课》（AI2101，李文瀚主讲）与《知识图谱导论》（AI3305，赵婉晴主讲），AI3305 需先修《数据结构》。"", ""evidence"": false}, {""doc"": ""doc04"", ""score"": 0.52265, ""detail"": ""社区 C1 教学与课程：人工智能学院设三个系，开设《大模型通识课》（AI2101，李文瀚主讲）与《知识图谱导论》（AI3305，赵婉晴主讲），AI3305 需先修《数据结构》。"", ""evidence"": false}]"
WikiRAG,na,2,builtin15,Q01,multi,《大模型通识课》授课教师所在学院的行政负责人是谁？,doc04;doc06;doc02,doc04;doc11,1,0.3333333333333333,1.0,0,"[{""doc"": ""doc04"", ""score"": 0.671299, ""detail"": ""人工智能学院教师"", ""evidence"": true}, {""doc"": ""doc11"", ""score"": 0.671299, ""detail"": ""人工智能学院教师"", ""evidence"": false}]"
WikiRAG,na,2,builtin15,Q02,multi,AI 协会的指导教师主讲课程的课程代码是什么？,doc11;doc04;doc06,doc07;doc08,0,0.0,0.0,0,"[{""doc"": ""doc07"", ""score"": 0.678776, ""detail"": ""知识图谱导论"", ""evidence"": false}, {""doc"": ""doc08"", ""score"": 0.678776, ""detail"": ""知识图谱导论"", ""evidence"": false}]"
WikiRAG,na,2,builtin15,Q03,multi,认知计算全国重点实验室依托的学院成立于哪一年？,doc10;doc02,doc02;doc10,1,1.0,1.0,1,"[{""doc"": ""doc02"", ""score"": 0.695022, ""detail"": ""人工智能学院"", ""evidence"": true}, {""doc"": ""doc10"", ""score"": 0.695022, ""detail"": ""人工智能学院"", ""evidence"": true}]"
WikiRAG,na,2,builtin15,Q04,multi,《知识图谱导论》授课教师的研究方向是什么？,doc07;doc04,doc07;doc08,1,0.5,1.0,0,"[{""doc"": ""doc07"", ""score"": 0.713618, ""detail"": ""知识图谱导论"", ""evidence"": true}, {""doc"": ""doc08"", ""score"": 0.713618, ""detail"": ""知识图谱导论"", ""evidence"": false}]"
WikiRAG,na,2,builtin15,Q05,multi,机器人战队的指导教师的研究方向是什么？,doc11;doc04,doc04;doc11,1,1.0,1.0,1,"[{""doc"": ""doc04"", ""score"": 0.715674, ""detail"": ""人工智能学院教师"", ""evidence"": true}, {""doc"": ""doc11"", ""score"": 0.715674, ""detail"": ""人工智能学院教师"", ""evidence"": true}]"
WikiRAG,na,2,builtin15,Q06,fact,云山大学的校训是什么？,doc01,doc01;doc12,1,1.0,1.0,1,"[{""doc"": ""doc01"", ""score"": 0.679908, ""detail"": ""云山大学"", ""evidence"": true}, {""doc"": ""doc12"", ""score"": 0.679908, ""detail"": ""云山大学"", ""evidence"": false}]"
WikiRAG,na,2,builtin15,Q07,fact,国家奖学金的金额是多少？,doc09,doc09;doc01,1,1.0,1.0,1,"[{""doc"": ""doc09"", ""score"": 0.866399, ""detail"": ""奖学金体系"", ""evidence"": true}, {""doc"": ""doc01"", ""score"": 0.334856, ""detail"": ""云山大学"", ""evidence"": false}]"
WikiRAG,na,2,builtin15,Q08,fact,图书馆每天几点到几点开放？,doc13,doc11;doc13,2,1.0,0.5,1,"[{""doc"": ""doc11"", ""score"": 0.414517, ""detail"": ""学生社团与校园生活"", ""evidence"": false}, {""doc"": ""doc13"", ""score"": 0.414517, ""detail"": ""学生社团与校园生活"", ""evidence"": true}]"
WikiRAG,na,2,builtin15,Q09,fact,人工智能学院成立于哪一年？,doc02,doc02;doc10,1,1.0,1.0,1,"[{""doc"": ""doc02"", ""score"": 0.716072, ""detail"": ""人工智能学院"", ""evidence"": true}, {""doc"": ""doc10"", ""score"": 0.716072, ""detail"": ""人工智能学院"", ""evidence"": false}]"
WikiRAG,na,2,builtin15,Q10,fact,春季学期什么时候开学？,doc12,doc06;doc01,0,0.0,0.0,0,"[{""doc"": ""doc06"", ""score"": 0.556659, ""detail"": ""大模型通识课"", ""evidence"": false}, {""doc"": ""doc01"", ""score"": 0.461686, ""detail"": ""云山大学"", ""evidence"": false}]"
WikiRAG,na,2,builtin15,Q11,global,云山大学有哪些科研平台？分别依托谁建设？,doc10;doc02;doc03,doc05;doc01,0,0.0,0.0,0,"[{""doc"": ""doc05"", ""score"": 0.532092, ""detail"": ""计算机学院教师"", ""evidence"": false}, {""doc"": ""doc01"", ""score"": 0.522617, ""detail"": ""云山大学"", ""evidence"": false}]"
WikiRAG,na,2,builtin15,Q12,global,学校的学生奖励体系包含哪些项目？,doc09,doc09;doc06,1,1.0,1.0,1,"[{""doc"": ""doc09"", ""score"": 0.447702, ""detail"": ""奖学金体系"", ""evidence"": true}, {""doc"": ""doc06"", ""score"": 0.416726, ""detail"": ""大模型通识课"", ""evidence"": false}]"
WikiRAG,na,2,builtin15,Q13,global,人工智能学院有哪些教师？各自做什么研究方向？,doc04,doc04;doc11,1,1.0,1.0,1,"[{""doc"": ""doc04"", ""score"": 0.718147, ""detail"": ""人工智能学院教师"", ""evidence"": true}, {""doc"": ""doc11"", ""score"": 0.718147, ""detail"": ""人工智能学院教师"", ""evidence"": false}]"
WikiRAG,na,2,builtin15,Q14,global,本科生选课有哪些限制和先修要求？,doc08,doc06;doc05,0,0.0,0.0,0,"[{""doc"": ""doc06"", ""score"": 0.576648, ""detail"": ""大模型通识课"", ""evidence"": false}, {""doc"": ""doc05"", ""score"": 0.385623, ""detail"": ""计算机学院教师"", ""evidence"": false}]"
WikiRAG,na,2,builtin15,Q15,global,对想深入学习大模型的学生，学校提供哪些课程和课外活动？,doc06;doc11,doc06;doc04,1,0.5,1.0,0,"[{""doc"": ""doc06"", ""score"": 0.713873, ""detail"": ""大模型通识课"", ""evidence"": true}, {""doc"": ""doc04"", ""score"": 0.513617, ""detail"": ""人工智能学院教师"", ""evidence"": false}]"
Hybrid RAG,na,2,builtin15,Q01,multi,《大模型通识课》授课教师所在学院的行政负责人是谁？,doc04;doc06;doc02,doc04;doc06,1,0.6666666666666666,1.0,0,"[{""doc"": ""doc04"", ""score"": 0.032522, ""detail"": ""vector=1, lexical=2"", ""evidence"": true}, {""doc"": ""doc06"", ""score"": 0.032522, ""detail"": ""vector=2, lexical=1"", ""evidence"": true}]"
Hybrid RAG,na,2,builtin15,Q02,multi,AI 协会的指导教师主讲课程的课程代码是什么？,doc11;doc04;doc06,doc07;doc11,2,0.3333333333333333,0.5,0,"[{""doc"": ""doc07"", ""score"": 0.032522, ""detail"": ""vector=1, lexical=2"", ""evidence"": false}, {""doc"": ""doc11"", ""score"": 0.032018, ""detail"": ""vector=4, lexical=1"", ""evidence"": true}]"
Hybrid RAG,na,2,builtin15,Q03,multi,认知计算全国重点实验室依托的学院成立于哪一年？,doc10;doc02,doc10;doc02,1,1.0,1.0,1,"[{""doc"": ""doc10"", ""score"": 0.032787, ""detail"": ""vector=1, lexical=1"", ""evidence"": true}, {""doc"": ""doc02"", ""score"": 0.032258, ""detail"": ""vector=2, lexical=2"", ""evidence"": true}]"
Hybrid RAG,na,2,builtin15,Q04,multi,《知识图谱导论》授课教师的研究方向是什么？,doc07;doc04,doc04;doc07,1,1.0,1.0,1,"[{""doc"": ""doc04"", ""score"": 0.032522, ""detail"": ""vector=1, lexical=2"", ""evidence"": true}, {""doc"": ""doc07"", ""score"": 0.032522, ""detail"": ""vector=2, lexical=1"", ""evidence"": true}]"
Hybrid RAG,na,2,builtin15,Q05,multi,机器人战队的指导教师的研究方向是什么？,doc11;doc04,doc11;doc04,1,1.0,1.0,1,"[{""doc"": ""doc11"", ""score"": 0.032787, ""detail"": ""vector=1, lexical=1"", ""evidence"": true}, {""doc"": ""doc04"", ""score"": 0.032002, ""detail"": ""vector=2, lexical=3"", ""evidence"": true}]"
Hybrid RAG,na,2,builtin15,Q06,fact,云山大学的校训是什么？,doc01,doc01;doc15,1,1.0,1.0,1,"[{""doc"": ""doc01"", ""score"": 0.032787, ""detail"": ""vector=1, lexical=1"", ""evidence"": true}, {""doc"": ""doc15"", ""score"": 0.031754, ""detail"": ""vector=2, lexical=4"", ""evidence"": false}]"
Hybrid RAG,na,2,builtin15,Q07,fact,国家奖学金的金额是多少？,doc09,doc09;doc01,1,1.0,1.0,1,"[{""doc"": ""doc09"", ""score"": 0.032787, ""detail"": ""vector=1, lexical=1"", ""evidence"": true}, {""doc"": ""doc01"", ""score"": 0.032002, ""detail"": ""vector=2, lexical=3"", ""evidence"": false}]"
Hybrid RAG,na,2,builtin15,Q08,fact,图书馆每天几点到几点开放？,doc13,doc13;doc05,1,1.0,1.0,1,"[{""doc"": ""doc13"", ""score"": 0.032787, ""detail"": ""vector=1, lexical=1"", ""evidence"": true}, {""doc"": ""doc05"", ""score"": 0.031025, ""detail"": ""vector=3, lexical=6"", ""evidence"": false}]"
Hybrid RAG,na,2,builtin15,Q09,fact,人工智能学院成立于哪一年？,doc02,doc02;doc07,1,1.0,1.0,1,"[{""doc"": ""doc02"", ""score"": 0.032787, ""detail"": ""vector=1, lexical=1"", ""evidence"": true}, {""doc"": ""doc07"", ""score"": 0.032258, ""detail"": ""vector=2, lexical=2"", ""evidence"": false}]"
Hybrid RAG,na,2,builtin15,Q10,fact,春季学期什么时候开学？,doc12,doc12;doc06,1,1.0,1.0,1,"[{""doc"": ""doc12"", ""score"": 0.032787, ""detail"": ""vector=1, lexical=1"", ""evidence"": true}, {""doc"": ""doc06"", ""score"": 0.032258, ""detail"": ""vector=2, lexical=2"", ""evidence"": false}]"
Hybrid RAG,na,2,builtin15,Q11,global,云山大学有哪些科研平台？分别依托谁建设？,doc10;doc02;doc03,doc10;doc01,1,0.3333333333333333,1.0,0,"[{""doc"": ""doc10"", ""score"": 0.032787, ""detail"": ""vector=1, lexical=1"", ""evidence"": true}, {""doc"": ""doc01"", ""score"": 0.031754, ""detail"": ""vector=4, lexical=2"", ""evidence"": false}]"
Hybrid RAG,na,2,builtin15,Q12,global,学校的学生奖励体系包含哪些项目？,doc09,doc15;doc09,2,1.0,0.5,1,"[{""doc"": ""doc15"", ""score"": 0.032787, ""detail"": ""vector=1, lexical=1"", ""evidence"": false}, {""doc"": ""doc09"", ""score"": 0.032258, ""detail"": ""vector=2, lexical=2"", ""evidence"": true}]"
Hybrid RAG,na,2,builtin15,Q13,global,人工智能学院有哪些教师？各自做什么研究方向？,doc04,doc04;doc07,1,1.0,1.0,1,"[{""doc"": ""doc04"", ""score"": 0.032522, ""detail"": ""vector=1, lexical=2"", ""evidence"": true}, {""doc"": ""doc07"", ""score"": 0.032522, ""detail"": ""vector=2, lexical=1"", ""evidence"": false}]"
Hybrid RAG,na,2,builtin15,Q14,global,本科生选课有哪些限制和先修要求？,doc08,doc08;doc06,1,1.0,1.0,1,"[{""doc"": ""doc08"", ""score"": 0.032787, ""detail"": ""vector=1, lexical=1"", ""evidence"": true}, {""doc"": ""doc06"", ""score"": 0.032258, ""detail"": ""vector=2, lexical=2"", ""evidence"": false}]"
Hybrid RAG,na,2,builtin15,Q15,global,对想深入学习大模型的学生，学校提供哪些课程和课外活动？,doc06;doc11,doc06;doc04,1,0.5,1.0,0,"[{""doc"": ""doc06"", ""score"": 0.032787, ""detail"": ""vector=1, lexical=1"", ""evidence"": true}, {""doc"": ""doc04"", ""score"": 0.032258, ""detail"": ""vector=2, lexical=2"", ""evidence"": false}]"
GraphRAG,global,2,builtin15,Q01,multi,《大模型通识课》授课教师所在学院的行政负责人是谁？,doc04;doc06;doc02,doc02;doc04,1,0.6666666666666666,1.0,0,"[{""doc"": ""doc02"", ""score"": 0.528815, ""detail"": ""社区 C1 教学与课程：人工智能学院设三个系，开设《大模型通识课》（AI2101，李文瀚主讲）与《知识图谱导论》（AI3305，赵婉晴主讲），AI3305 需先修《数据结构》。"", ""evidence"": true}, {""doc"": ""doc04"", ""score"": 0.528815, ""detail"": ""社区 C1 教学与课程：人工智能学院设三个系，开设《大模型通识课》（AI2101，李文瀚主讲）与《知识图谱导论》（AI3305，赵婉晴主讲），AI3305 需先修《数据结构》。"", ""evidence"": true}]"
GraphRAG,global,2,builtin15,Q02,multi,AI 协会的指导教师主讲课程的课程代码是什么？,doc11;doc04;doc06,doc02;doc04,2,0.3333333333333333,0.5,0,"[{""doc"": ""doc02"", ""score"": 0.733584, ""detail"": ""社区 C1 教学与课程：人工智能学院设三个系，开设《大模型通识课》（AI2101，李文瀚主讲）与《知识图谱导论》（AI3305，赵婉晴主讲），AI3305 需先修《数据结构》。"", ""evidence"": false}, {""doc"": ""doc04"", ""score"": 0.733584, ""detail"": ""社区 C1 教学与课程：人工智能学院设三个系，开设《大模型通识课》（AI2101，李文瀚主讲）与《知识图谱导论》（AI3305，赵婉晴主讲），AI3305 需先修《数据结构》。"", ""evidence"": true}]"
GraphRAG,global,2,builtin15,Q03,multi,认知计算全国重点实验室依托的学院成立于哪一年？,doc10;doc02,doc02;doc03,1,0.5,1.0,0,"[{""doc"": ""doc02"", ""score"": 0.62097, ""detail"": ""社区 C2 科研与国际：认知计算全国重点实验室依托人工智能学院，岭南超算中心由计算机学院参与共建；学院与新加坡南洋理工大学有联合培养项目。"", ""evidence"": true}, {""doc"": ""doc03"", ""score"": 0.62097, ""detail"": ""社区 C2 科研与国际：认知计算全国重点实验室依托人工智能学院，岭南超算中心由计算机学院参与共建；学院与新加坡南洋理工大学有联合培养项目。"", ""evidence"": false}]"
GraphRAG,global,2,builtin15,Q04,multi,《知识图谱导论》授课教师的研究方向是什么？,doc07;doc04,doc02;doc04,2,0.5,0.5,0,"[{""doc"": ""doc02"", ""score"": 0.526289, ""detail"": ""社区 C1 教学与课程：人工智能学院设三个系，开设《大模型通识课》（AI2101，李文瀚主讲）与《知识图谱导论》（AI3305，赵婉晴主讲），AI3305 需先修《数据结构》。"", ""evidence"": false}, {""doc"": ""doc04"", ""score"": 0.526289, ""detail"": ""社区 C1 教学与课程：人工智能学院设三个系，开设《大模型通识课》（AI2101，李文瀚主讲）与《知识图谱导论》（AI3305，赵婉晴主讲），AI3305 需先修《数据结构》。"", ""evidence"": true}]"
GraphRAG,global,2,builtin15,Q05,multi,机器人战队的指导教师的研究方向是什么？,doc11;doc04,doc02;doc04,2,0.5,0.5,0,"[{""doc"": ""doc02"", ""score"": 0.42753, ""detail"": ""社区 C1 教学与课程：人工智能学院设三个系，开设《大模型通识课》（AI2101，李文瀚主讲）与《知识图谱导论》（AI3305，赵婉晴主讲），AI3305 需先修《数据结构》。"", ""evidence"": false}, {""doc"": ""doc04"", ""score"": 0.42753, ""detail"": ""社区 C1 教学与课程：人工智能学院设三个系，开设《大模型通识课》（AI2101，李文瀚主讲）与《知识图谱导论》（AI3305，赵婉晴主讲），AI3305 需先修《数据结构》。"", ""evidence"": true}]"
GraphRAG,global,2,builtin15,Q06,fact,云山大学的校训是什么？,doc01,doc02;doc03,0,0.0,0.0,0,"[{""doc"": ""doc02"", ""score"": 0.486101, ""detail"": ""社区 C2 科研与国际：认知计算全国重点实验室依托人工智能学院，岭南超算中心由计算机学院参与共建；学院与新加坡南洋理工大学有联合培养项目。"", ""evidence"": false}, {""doc"": ""doc03"", ""score"": 0.486101, ""detail"": ""社区 C2 科研与国际：认知计算全国重点实验室依托人工智能学院，岭南超算中心由计算机学院参与共建；学院与新加坡南洋理工大学有联合培养项目。"", ""evidence"": false}]"
GraphRAG,global,2,builtin15,Q07,fact,国家奖学金的金额是多少？,doc09,doc09;doc11,1,1.0,1.0,1,"[{""doc"": ""doc09"", ""score"": 0.598928, ""detail"": ""社区 C3 学生生活：奖学金分国家（8000 元）、校长（20000 元）、云山一等（3000 元）三级；社团有 AI 协会与机器人战队，图书馆藏书 380 万册、7:00-22:00 开放。"", ""evidence"": true}, {""doc"": ""doc11"", ""score"": 0.598928, ""detail"": ""社区 C3 学生生活：奖学金分国家（8000 元）、校长（20000 元）、云山一等（3000 元）三级；社团有 AI 协会与机器人战队，图书馆藏书 380 万册、7:00-22:00 开放。"", ""evidence"": false}]"
GraphRAG,global,2,builtin15,Q08,fact,图书馆每天几点到几点开放？,doc13,doc09;doc11,0,0.0,0.0,0,"[{""doc"": ""doc09"", ""score"": 0.27667, ""detail"": ""社区 C3 学生生活：奖学金分国家（8000 元）、校长（20000 元）、云山一等（3000 元）三级；社团有 AI 协会与机器人战队，图书馆藏书 380 万册、7:00-22:00 开放。"", ""evidence"": false}, {""doc"": ""doc11"", ""score"": 0.27667, ""detail"": ""社区 C3 学生生活：奖学金分国家（8000 元）、校长（20000 元）、云山一等（3000 元）三级；社团有 AI 协会与机器人战队，图书馆藏书 380 万册、7:00-22:00 开放。"", ""evidence"": false}]"
GraphRAG,global,2,builtin15,Q09,fact,人工智能学院成立于哪一年？,doc02,doc02;doc04,1,1.0,1.0,1,"[{""doc"": ""doc02"", ""score"": 0.60068, ""detail"": ""社区 C1 教学与课程：人工智能学院设三个系，开设《大模型通识课》（AI2101，李文瀚主讲）与《知识图谱导论》（AI3305，赵婉晴主讲），AI3305 需先修《数据结构》。"", ""evidence"": true}, {""doc"": ""doc04"", ""score"": 0.60068, ""detail"": ""社区 C1 教学与课程：人工智能学院设三个系，开设《大模型通识课》（AI2101，李文瀚主讲）与《知识图谱导论》（AI3305，赵婉晴主讲），AI3305 需先修《数据结构》。"", ""evidence"": false}]"
GraphRAG,global,2,builtin15,Q10,fact,春季学期什么时候开学？,doc12,doc02;doc04,0,0.0,0.0,0,"[{""doc"": ""doc02"", ""score"": 0.222629, ""detail"": ""社区 C1 教学与课程：人工智能学院设三个系，开设《大模型通识课》（AI2101，李文瀚主讲）与《知识图谱导论》（AI3305，赵婉晴主讲），AI3305 需先修《数据结构》。"", ""evidence"": false}, {""doc"": ""doc04"", ""score"": 0.222629, ""detail"": ""社区 C1 教学与课程：人工智能学院设三个系，开设《大模型通识课》（AI2101，李文瀚主讲）与《知识图谱导论》（AI3305，赵婉晴主讲），AI3305 需先修《数据结构》。"", ""evidence"": false}]"
GraphRAG,global,2,builtin15,Q11,global,云山大学有哪些科研平台？分别依托谁建设？,doc10;doc02;doc03,doc02;doc03,1,0.6666666666666666,1.0,0,"[{""doc"": ""doc02"", ""score"": 0.570326, ""detail"": ""社区 C2 科研与国际：认知计算全国重点实验室依托人工智能学院，岭南超算中心由计算机学院参与共建；学院与新加坡南洋理工大学有联合培养项目。"", ""evidence"": true}, {""doc"": ""doc03"", ""score"": 0.570326, ""detail"": ""社区 C2 科研与国际：认知计算全国重点实验室依托人工智能学院，岭南超算中心由计算机学院参与共建；学院与新加坡南洋理工大学有联合培养项目。"", ""evidence"": true}]"
GraphRAG,global,2,builtin15,Q12,global,学校的学生奖励体系包含哪些项目？,doc09,doc09;doc11,1,1.0,1.0,1,"[{""doc"": ""doc09"", ""score"": 0.479209, ""detail"": ""社区 C3 学生生活：奖学金分国家（8000 元）、校长（20000 元）、云山一等（3000 元）三级；社团有 AI 协会与机器人战队，图书馆藏书 380 万册、7:00-22:00 开放。"", ""evidence"": true}, {""doc"": ""doc11"", ""score"": 0.479209, ""detail"": ""社区 C3 学生生活：奖学金分国家（8000 元）、校长（20000 元）、云山一等（3000 元）三级；社团有 AI 协会与机器人战队，图书馆藏书 380 万册、7:00-22:00 开放。"", ""evidence"": false}]"
GraphRAG,global,2,builtin15,Q13,global,人工智能学院有哪些教师？各自做什么研究方向？,doc04,doc02;doc04,2,1.0,0.5,1,"[{""doc"": ""doc02"", ""score"": 0.702628, ""detail"": ""社区 C1 教学与课程：人工智能学院设三个系，开设《大模型通识课》（AI2101，李文瀚主讲）与《知识图谱导论》（AI3305，赵婉晴主讲），AI3305 需先修《数据结构》。"", ""evidence"": false}, {""doc"": ""doc04"", ""score"": 0.702628, ""detail"": ""社区 C1 教学与课程：人工智能学院设三个系，开设《大模型通识课》（AI2101，李文瀚主讲）与《知识图谱导论》（AI3305，赵婉晴主讲），AI3305 需先修《数据结构》。"", ""evidence"": true}]"
GraphRAG,global,2,builtin15,Q14,global,本科生选课有哪些限制和先修要求？,doc08,doc02;doc04,0,0.0,0.0,0,"[{""doc"": ""doc02"", ""score"": 0.350276, ""detail"": ""社区 C1 教学与课程：人工智能学院设三个系，开设《大模型通识课》（AI2101，李文瀚主讲）与《知识图谱导论》（AI3305，赵婉晴主讲），AI3305 需先修《数据结构》。"", ""evidence"": false}, {""doc"": ""doc04"", ""score"": 0.350276, ""detail"": ""社区 C1 教学与课程：人工智能学院设三个系，开设《大模型通识课》（AI2101，李文瀚主讲）与《知识图谱导论》（AI3305，赵婉晴主讲），AI3305 需先修《数据结构》。"", ""evidence"": false}]"
GraphRAG,global,2,builtin15,Q15,global,对想深入学习大模型的学生，学校提供哪些课程和课外活动？,doc06;doc11,doc02;doc04,0,0.0,0.0,0,"[{""doc"": ""doc02"", ""score"": 0.52265, ""detail"": ""社区 C1 教学与课程：人工智能学院设三个系，开设《大模型通识课》（AI2101，李文瀚主讲）与《知识图谱导论》（AI3305，赵婉晴主讲），AI3305 需先修《数据结构》。"", ""evidence"": false}, {""doc"": ""doc04"", ""score"": 0.52265, ""detail"": ""社区 C1 教学与课程：人工智能学院设三个系，开设《大模型通识课》（AI2101，李文瀚主讲）与《知识图谱导论》（AI3305，赵婉晴主讲），AI3305 需先修《数据结构》。"", ""evidence"": false}]"
Vector RAG,na,3,builtin15,Q01,multi,《大模型通识课》授课教师所在学院的行政负责人是谁？,doc04;doc06;doc02,doc04;doc06;doc05,1,0.6666666666666666,1.0,0,"[{""doc"": ""doc04"", ""score"": 0.683426, ""detail"": ""人工智能学院教师：李文瀚，教授，2019 年入职，研究方向为检索增强生成，主讲《大模型通识课》；赵婉晴，副教授，研究方向为知识图谱，主讲《知识图谱导论》；孙浩然，讲师，研究方向为强化学习。"", ""evidence"": true}, {""doc"": ""doc06"", ""score"": 0.602752, ""detail"": ""《大模型通识课》课程代码 AI2101，3 学分、32 学时，春季学期开设，授课教师李文瀚，面向全校本科生，无先修课程要求。"", ""evidence"": true}, {""doc"": ""doc05"", ""score"": 0.589283, ""detail"": ""计算机学院教师：周天宇，教授，研究方向为分布式系统；林小雨，副教授，研究方向为数据库系统。"", ""evidence"": false}]"
Vector RAG,na,3,builtin15,Q02,multi,AI 协会的指导教师主讲课程的课程代码是什么？,doc11;doc04;doc06,doc07;doc06;doc04,2,0.6666666666666666,0.5,0,"[{""doc"": ""doc07"", ""score"": 0.795045, ""detail"": ""《知识图谱导论》课程代码 AI3305，2 学分，秋季学期开设，授课教师赵婉晴，面向人工智能学院研究生。"", ""evidence"": false}, {""doc"": ""doc06"", ""score"": 0.767115, ""detail"": ""《大模型通识课》课程代码 AI2101，3 学分、32 学时，春季学期开设，授课教师李文瀚，面向全校本科生，无先修课程要求。"", ""evidence"": true}, {""doc"": ""doc04"", ""score"": 0.716172, ""detail"": ""人工智能学院教师：李文瀚，教授，2019 年入职，研究方向为检索增强生成，主讲《大模型通识课》；赵婉晴，副教授，研究方向为知识图谱，主讲《知识图谱导论》；孙浩然，讲师，研究方向为强化学习。"", ""evidence"": true}]"
Vector RAG,na,3,builtin15,Q03,multi,认知计算全国重点实验室依托的学院成立于哪一年？,doc10;doc02,doc10;doc02;doc01,1,1.0,1.0,1,"[{""doc"": ""doc10"", ""score"": 0.688067, ""detail"": ""科研平台：认知计算全国重点实验室依托人工智能学院建设；岭南超算中心由云山大学与省科技厅共建，计算机学院参与运行管理。"", ""evidence"": true}, {""doc"": ""doc02"", ""score"": 0.563081, ""detail"": ""人工智能学院成立于 2018 年，首任及现任院长为王启明教授。学院下设机器学习系、智能科学系、认知计算系三个系。"", ""evidence"": true}, {""doc"": ""doc01"", ""score"": 0.55739, ""detail"": ""云山大学位于岭南省云州市，建于 1958 年，是省属重点大学，现有全日制本科生约 2.1 万人。校训为「格物致知」。"", ""evidence"": false}]"
Vector RAG,na,3,builtin15,Q04,multi,《知识图谱导论》授课教师的研究方向是什么？,doc07;doc04,doc04;doc07;doc06,1,1.0,1.0,1,"[{""doc"": ""doc04"", ""score"": 0.720972, ""detail"": ""人工智能学院教师：李文瀚，教授，2019 年入职，研究方向为检索增强生成，主讲《大模型通识课》；赵婉晴，副教授，研究方向为知识图谱，主讲《知识图谱导论》；孙浩然，讲师，研究方向为强化学习。"", ""evidence"": true}, {""doc"": ""doc07"", ""score"": 0.65148, ""detail"": ""《知识图谱导论》课程代码 AI3305，2 学分，秋季学期开设，授课教师赵婉晴，面向人工智能学院研究生。"", ""evidence"": true}, {""doc"": ""doc06"", ""score"": 0.574162, ""detail"": ""《大模型通识课》课程代码 AI2101，3 学分、32 学时，春季学期开设，授课教师李文瀚，面向全校本科生，无先修课程要求。"", ""evidence"": false}]"
Vector RAG,na,3,builtin15,Q05,multi,机器人战队的指导教师的研究方向是什么？,doc11;doc04,doc11;doc04;doc02,1,1.0,1.0,1,"[{""doc"": ""doc11"", ""score"": 0.782681, ""detail"": ""学生社团：AI 协会，指导教师李文瀚，每周三晚组织论文研读；机器人战队，指导教师孙浩然，每年参加全国机器人大赛。"", ""evidence"": true}, {""doc"": ""doc04"", ""score"": 0.61368, ""detail"": ""人工智能学院教师：李文瀚，教授，2019 年入职，研究方向为检索增强生成，主讲《大模型通识课》；赵婉晴，副教授，研究方向为知识图谱，主讲《知识图谱导论》；孙浩然，讲师，研究方向为强化学习。"", ""evidence"": true}, {""doc"": ""doc02"", ""score"": 0.474022, ""detail"": ""人工智能学院成立于 2018 年，首任及现任院长为王启明教授。学院下设机器学习系、智能科学系、认知计算系三个系。"", ""evidence"": false}]"
Vector RAG,na,3,builtin15,Q06,fact,云山大学的校训是什么？,doc01,doc01;doc15;doc06,1,1.0,1.0,1,"[{""doc"": ""doc01"", ""score"": 0.64523, ""detail"": ""云山大学位于岭南省云州市，建于 1958 年，是省属重点大学，现有全日制本科生约 2.1 万人。校训为「格物致知」。"", ""evidence"": true}, {""doc"": ""doc15"", ""score"": 0.53819, ""detail"": ""国际交流：学校与 12 个国家的 47 所高校签有交换协议；人工智能学院与新加坡南洋理工大学有本科联合培养项目。"", ""evidence"": false}, {""doc"": ""doc06"", ""score"": 0.530338, ""detail"": ""《大模型通识课》课程代码 AI2101，3 学分、32 学时，春季学期开设，授课教师李文瀚，面向全校本科生，无先修课程要求。"", ""evidence"": false}]"
Vector RAG,na,3,builtin15,Q07,fact,国家奖学金的金额是多少？,doc09,doc09;doc01;doc15,1,1.0,1.0,1,"[{""doc"": ""doc09"", ""score"": 0.8462, ""detail"": ""奖学金体系：国家奖学金 8000 元/年，评定比例约 2%；校长奖学金 20000 元/年，全校每年 10 人；云山一等奖学金 3000 元/年，比例约 5%。"", ""evidence"": true}, {""doc"": ""doc01"", ""score"": 0.39258, ""detail"": ""云山大学位于岭南省云州市，建于 1958 年，是省属重点大学，现有全日制本科生约 2.1 万人。校训为「格物致知」。"", ""evidence"": false}, {""doc"": ""doc15"", ""score"": 0.341368, ""detail"": ""国际交流：学校与 12 个国家的 47 所高校签有交换协议；人工智能学院与新加坡南洋理工大学有本科联合培养项目。"", ""evidence"": false}]"
Vector RAG,na,3,builtin15,Q08,fact,图书馆每天几点到几点开放？,doc13,doc13;doc12;doc05,1,1.0,1.0,1,"[{""doc"": ""doc13"", ""score"": 0.548465, ""detail"": ""图书馆藏书 380 万册，开放时间为每天 7:00-22:00；人工智能分馆位于理科楼 B 座 3 层，收藏大模型与智能体专题图书。"", ""evidence"": true}, {""doc"": ""doc12"", ""score"": 0.487478, ""detail"": ""校历：春季学期 3 月 2 日开学、7 月 5 日放暑假；秋季学期 9 月 1 日开学、次年 1 月 15 日放寒假。"", ""evidence"": false}, {""doc"": ""doc05"", ""score"": 0.323983, ""detail"": ""计算机学院教师：周天宇，教授，研究方向为分布式系统；林小雨，副教授，研究方向为数据库系统。"", ""evidence"": false}]"
Vector RAG,na,3,builtin15,Q09,fact,人工智能学院成立于哪一年？,doc02,doc02;doc07;doc10,1,1.0,1.0,1,"[{""doc"": ""doc02"", ""score"": 0.716225, ""detail"": ""人工智能学院成立于 2018 年，首任及现任院长为王启明教授。学院下设机器学习系、智能科学系、认知计算系三个系。"", ""evidence"": true}, {""doc"": ""doc07"", ""score"": 0.612911, ""detail"": ""《知识图谱导论》课程代码 AI3305，2 学分，秋季学期开设，授课教师赵婉晴，面向人工智能学院研究生。"", ""evidence"": false}, {""doc"": ""doc10"", ""score"": 0.596972, ""detail"": ""科研平台：认知计算全国重点实验室依托人工智能学院建设；岭南超算中心由云山大学与省科技厅共建，计算机学院参与运行管理。"", ""evidence"": false}]"
Vector RAG,na,3,builtin15,Q10,fact,春季学期什么时候开学？,doc12,doc12;doc06;doc07,1,1.0,1.0,1,"[{""doc"": ""doc12"", ""score"": 0.900176, ""detail"": ""校历：春季学期 3 月 2 日开学、7 月 5 日放暑假；秋季学期 9 月 1 日开学、次年 1 月 15 日放寒假。"", ""evidence"": true}, {""doc"": ""doc06"", ""score"": 0.546415, ""detail"": ""《大模型通识课》课程代码 AI2101，3 学分、32 学时，春季学期开设，授课教师李文瀚，面向全校本科生，无先修课程要求。"", ""evidence"": false}, {""doc"": ""doc07"", ""score"": 0.377968, ""detail"": ""《知识图谱导论》课程代码 AI3305，2 学分，秋季学期开设，授课教师赵婉晴，面向人工智能学院研究生。"", ""evidence"": false}]"
Vector RAG,na,3,builtin15,Q11,global,云山大学有哪些科研平台？分别依托谁建设？,doc10;doc02;doc03,doc10;doc05;doc15,1,0.3333333333333333,1.0,0,"[{""doc"": ""doc10"", ""score"": 0.653419, ""detail"": ""科研平台：认知计算全国重点实验室依托人工智能学院建设；岭南超算中心由云山大学与省科技厅共建，计算机学院参与运行管理。"", ""evidence"": true}, {""doc"": ""doc05"", ""score"": 0.521833, ""detail"": ""计算机学院教师：周天宇，教授，研究方向为分布式系统；林小雨，副教授，研究方向为数据库系统。"", ""evidence"": false}, {""doc"": ""doc15"", ""score"": 0.515665, ""detail"": ""国际交流：学校与 12 个国家的 47 所高校签有交换协议；人工智能学院与新加坡南洋理工大学有本科联合培养项目。"", ""evidence"": false}]"
Vector RAG,na,3,builtin15,Q12,global,学校的学生奖励体系包含哪些项目？,doc09,doc15;doc09;doc06,2,1.0,0.5,1,"[{""doc"": ""doc15"", ""score"": 0.465685, ""detail"": ""国际交流：学校与 12 个国家的 47 所高校签有交换协议；人工智能学院与新加坡南洋理工大学有本科联合培养项目。"", ""evidence"": false}, {""doc"": ""doc09"", ""score"": 0.461102, ""detail"": ""奖学金体系：国家奖学金 8000 元/年，评定比例约 2%；校长奖学金 20000 元/年，全校每年 10 人；云山一等奖学金 3000 元/年，比例约 5%。"", ""evidence"": true}, {""doc"": ""doc06"", ""score"": 0.443418, ""detail"": ""《大模型通识课》课程代码 AI2101，3 学分、32 学时，春季学期开设，授课教师李文瀚，面向全校本科生，无先修课程要求。"", ""evidence"": false}]"
Vector RAG,na,3,builtin15,Q13,global,人工智能学院有哪些教师？各自做什么研究方向？,doc04,doc04;doc07;doc02,1,1.0,1.0,1,"[{""doc"": ""doc04"", ""score"": 0.810867, ""detail"": ""人工智能学院教师：李文瀚，教授，2019 年入职，研究方向为检索增强生成，主讲《大模型通识课》；赵婉晴，副教授，研究方向为知识图谱，主讲《知识图谱导论》；孙浩然，讲师，研究方向为强化学习。"", ""evidence"": true}, {""doc"": ""doc07"", ""score"": 0.706904, ""detail"": ""《知识图谱导论》课程代码 AI3305，2 学分，秋季学期开设，授课教师赵婉晴，面向人工智能学院研究生。"", ""evidence"": false}, {""doc"": ""doc02"", ""score"": 0.706727, ""detail"": ""人工智能学院成立于 2018 年，首任及现任院长为王启明教授。学院下设机器学习系、智能科学系、认知计算系三个系。"", ""evidence"": false}]"
Vector RAG,na,3,builtin15,Q14,global,本科生选课有哪些限制和先修要求？,doc08,doc08;doc06;doc05,1,1.0,1.0,1,"[{""doc"": ""doc08"", ""score"": 0.680267, ""detail"": ""选课规则：本科生每学期最多修 30 学分；GPA 低于 2.0 给予学术警告。先修要求：《知识图谱导论》需先修《数据结构》，《大模型通识课》无先修要求。"", ""evidence"": true}, {""doc"": ""doc06"", ""score"": 0.592484, ""detail"": ""《大模型通识课》课程代码 AI2101，3 学分、32 学时，春季学期开设，授课教师李文瀚，面向全校本科生，无先修课程要求。"", ""evidence"": false}, {""doc"": ""doc05"", ""score"": 0.449296, ""detail"": ""计算机学院教师：周天宇，教授，研究方向为分布式系统；林小雨，副教授，研究方向为数据库系统。"", ""evidence"": false}]"
Vector RAG,na,3,builtin15,Q15,global,对想深入学习大模型的学生，学校提供哪些课程和课外活动？,doc06;doc11,doc06;doc04;doc08,1,0.5,1.0,0,"[{""doc"": ""doc06"", ""score"": 0.697189, ""detail"": ""《大模型通识课》课程代码 AI2101，3 学分、32 学时，春季学期开设，授课教师李文瀚，面向全校本科生，无先修课程要求。"", ""evidence"": true}, {""doc"": ""doc04"", ""score"": 0.556546, ""detail"": ""人工智能学院教师：李文瀚，教授，2019 年入职，研究方向为检索增强生成，主讲《大模型通识课》；赵婉晴，副教授，研究方向为知识图谱，主讲《知识图谱导论》；孙浩然，讲师，研究方向为强化学习。"", ""evidence"": false}, {""doc"": ""doc08"", ""score"": 0.554039, ""detail"": ""选课规则：本科生每学期最多修 30 学分；GPA 低于 2.0 给予学术警告。先修要求：《知识图谱导论》需先修《数据结构》，《大模型通识课》无先修要求。"", ""evidence"": false}]"
GraphRAG,local,3,builtin15,Q01,multi,《大模型通识课》授课教师所在学院的行政负责人是谁？,doc04;doc06;doc02,doc06;doc11;doc02,1,0.6666666666666666,1.0,0,"[{""doc"": ""doc06"", ""score"": 0.686135, ""detail"": ""李文瀚—主讲→大模型通识课"", ""evidence"": true}, {""doc"": ""doc11"", ""score"": 0.684209, ""detail"": ""AI 协会—指导教师→李文瀚"", ""evidence"": false}, {""doc"": ""doc02"", ""score"": 0.670591, ""detail"": ""人工智能学院—院长→王启明"", ""evidence"": true}]"
GraphRAG,local,3,builtin15,Q02,multi,AI 协会的指导教师主讲课程的课程代码是什么？,doc11;doc04;doc06,doc11;doc06;doc02,1,0.6666666666666666,1.0,0,"[{""doc"": ""doc11"", ""score"": 0.819371, ""detail"": ""AI 协会—指导教师→李文瀚"", ""evidence"": true}, {""doc"": ""doc06"", ""score"": 0.77184, ""detail"": ""大模型通识课—课程代码→AI2101"", ""evidence"": true}, {""doc"": ""doc02"", ""score"": 0.728357, ""detail"": ""人工智能学院—下设系→机器学习系"", ""evidence"": false}]"
GraphRAG,local,3,builtin15,Q03,multi,认知计算全国重点实验室依托的学院成立于哪一年？,doc10;doc02,doc10;doc02;doc04,1,1.0,1.0,1,"[{""doc"": ""doc10"", ""score"": 0.738468, ""detail"": ""认知计算全国重点实验室—依托→人工智能学院"", ""evidence"": true}, {""doc"": ""doc02"", ""score"": 0.620956, ""detail"": ""人工智能学院—成立于→2018 年"", ""evidence"": true}, {""doc"": ""doc04"", ""score"": 0.562667, ""detail"": ""李文瀚—任职于→人工智能学院"", ""evidence"": false}]"
GraphRAG,local,3,builtin15,Q04,multi,《知识图谱导论》授课教师的研究方向是什么？,doc07;doc04,doc08;doc07;doc04,2,1.0,0.5,1,"[{""doc"": ""doc08"", ""score"": 0.824635, ""detail"": ""知识图谱导论—先修课程→数据结构"", ""evidence"": false}, {""doc"": ""doc07"", ""score"": 0.763877, ""detail"": ""知识图谱导论—课程代码→AI3305"", ""evidence"": true}, {""doc"": ""doc04"", ""score"": 0.628179, ""detail"": ""赵婉晴—研究方向→知识图谱"", ""evidence"": true}]"
GraphRAG,local,3,builtin15,Q05,multi,机器人战队的指导教师的研究方向是什么？,doc11;doc04,doc11;doc02;doc04,1,1.0,1.0,1,"[{""doc"": ""doc11"", ""score"": 0.907992, ""detail"": ""机器人战队—指导教师→孙浩然"", ""evidence"": true}, {""doc"": ""doc02"", ""score"": 0.636048, ""detail"": ""人工智能学院—下设系→机器学习系"", ""evidence"": false}, {""doc"": ""doc04"", ""score"": 0.601106, ""detail"": ""孙浩然—任职于→人工智能学院"", ""evidence"": true}]"
GraphRAG,local,3,builtin15,Q06,fact,云山大学的校训是什么？,doc01,doc01,1,1.0,1.0,1,"[{""doc"": ""doc01"", ""score"": 0.896995, ""detail"": ""云山大学—校训→格物致知"", ""evidence"": true}]"
GraphRAG,local,3,builtin15,Q07,fact,国家奖学金的金额是多少？,doc09,doc09,1,1.0,1.0,1,"[{""doc"": ""doc09"", ""score"": 0.88758, ""detail"": ""国家奖学金—金额→8000 元/年"", ""evidence"": true}]"
GraphRAG,local,3,builtin15,Q08,fact,图书馆每天几点到几点开放？,doc13,doc13,1,1.0,1.0,1,"[{""doc"": ""doc13"", ""score"": 0.476171, ""detail"": ""图书馆—藏书量→380 万册"", ""evidence"": true}]"
GraphRAG,local,3,builtin15,Q09,fact,人工智能学院成立于哪一年？,doc02,doc02;doc04;doc11,1,1.0,1.0,1,"[{""doc"": ""doc02"", ""score"": 0.836243, ""detail"": ""人工智能学院—成立于→2018 年"", ""evidence"": true}, {""doc"": ""doc04"", ""score"": 0.667059, ""detail"": ""孙浩然—任职于→人工智能学院"", ""evidence"": false}, {""doc"": ""doc11"", ""score"": 0.65166, ""detail"": ""AI 协会—指导教师→李文瀚"", ""evidence"": false}]"
GraphRAG,local,3,builtin15,Q10,fact,春季学期什么时候开学？,doc12,doc12;doc06;doc04,1,1.0,1.0,1,"[{""doc"": ""doc12"", ""score"": 0.91306, ""detail"": ""春季学期—开学日期→3 月 2 日"", ""evidence"": true}, {""doc"": ""doc06"", ""score"": 0.658644, ""detail"": ""大模型通识课—开设学期→春季学期"", ""evidence"": false}, {""doc"": ""doc04"", ""score"": 0.394273, ""detail"": ""李文瀚—入职年份→2019 年"", ""evidence"": false}]"
GraphRAG,local,3,builtin15,Q11,global,云山大学有哪些科研平台？分别依托谁建设？,doc10;doc02;doc03,doc01,0,0.0,0.0,0,"[{""doc"": ""doc01"", ""score"": 0.703714, ""detail"": ""云山大学—校训→格物致知"", ""evidence"": false}]"
GraphRAG,local,3,builtin15,Q12,global,学校的学生奖励体系包含哪些项目？,doc09,doc09;doc11;doc13,1,1.0,1.0,1,"[{""doc"": ""doc09"", ""score"": 0.479209, ""detail"": ""社区 C3 学生生活：奖学金分国家（8000 元）、校长（20000 元）、云山一等（3000 元）三级；社团有 AI 协会与机器人战队，图书馆藏书 380 万册、7:00-22:00 开放。"", ""evidence"": true}, {""doc"": ""doc11"", ""score"": 0.479209, ""detail"": ""社区 C3 学生生活：奖学金分国家（8000 元）、校长（20000 元）、云山一等（3000 元）三级；社团有 AI 协会与机器人战队，图书馆藏书 380 万册、7:00-22:00 开放。"", ""evidence"": false}, {""doc"": ""doc13"", ""score"": 0.479209, ""detail"": ""社区 C3 学生生活：奖学金分国家（8000 元）、校长（20000 元）、云山一等（3000 元）三级；社团有 AI 协会与机器人战队，图书馆藏书 380 万册、7:00-22:00 开放。"", ""evidence"": false}]"
GraphRAG,local,3,builtin15,Q13,global,人工智能学院有哪些教师？各自做什么研究方向？,doc04,doc11;doc02;doc04,3,1.0,0.3333333333333333,1,"[{""doc"": ""doc11"", ""score"": 0.839301, ""detail"": ""AI 协会—指导教师→李文瀚"", ""evidence"": false}, {""doc"": ""doc02"", ""score"": 0.799742, ""detail"": ""人工智能学院—下设系→智能科学系"", ""evidence"": false}, {""doc"": ""doc04"", ""score"": 0.730732, ""detail"": ""孙浩然—任职于→人工智能学院"", ""evidence"": true}]"
GraphRAG,local,3,builtin15,Q14,global,本科生选课有哪些限制和先修要求？,doc08,doc02;doc04;doc06,0,0.0,0.0,0,"[{""doc"": ""doc02"", ""score"": 0.350276, ""detail"": ""社区 C1 教学与课程：人工智能学院设三个系，开设《大模型通识课》（AI2101，李文瀚主讲）与《知识图谱导论》（AI3305，赵婉晴主讲），AI3305 需先修《数据结构》。"", ""evidence"": false}, {""doc"": ""doc04"", ""score"": 0.350276, ""detail"": ""社区 C1 教学与课程：人工智能学院设三个系，开设《大模型通识课》（AI2101，李文瀚主讲）与《知识图谱导论》（AI3305，赵婉晴主讲），AI3305 需先修《数据结构》。"", ""evidence"": false}, {""doc"": ""doc06"", ""score"": 0.350276, ""detail"": ""社区 C1 教学与课程：人工智能学院设三个系，开设《大模型通识课》（AI2101，李文瀚主讲）与《知识图谱导论》（AI3305，赵婉晴主讲），AI3305 需先修《数据结构》。"", ""evidence"": false}]"
GraphRAG,local,3,builtin15,Q15,global,对想深入学习大模型的学生，学校提供哪些课程和课外活动？,doc06;doc11,doc02;doc04;doc06,3,0.5,0.3333333333333333,0,"[{""doc"": ""doc02"", ""score"": 0.52265, ""detail"": ""社区 C1 教学与课程：人工智能学院设三个系，开设《大模型通识课》（AI2101，李文瀚主讲）与《知识图谱导论》（AI3305，赵婉晴主讲），AI3305 需先修《数据结构》。"", ""evidence"": false}, {""doc"": ""doc04"", ""score"": 0.52265, ""detail"": ""社区 C1 教学与课程：人工智能学院设三个系，开设《大模型通识课》（AI2101，李文瀚主讲）与《知识图谱导论》（AI3305，赵婉晴主讲），AI3305 需先修《数据结构》。"", ""evidence"": false}, {""doc"": ""doc06"", ""score"": 0.52265, ""detail"": ""社区 C1 教学与课程：人工智能学院设三个系，开设《大模型通识课》（AI2101，李文瀚主讲）与《知识图谱导论》（AI3305，赵婉晴主讲），AI3305 需先修《数据结构》。"", ""evidence"": true}]"
WikiRAG,na,3,builtin15,Q01,multi,《大模型通识课》授课教师所在学院的行政负责人是谁？,doc04;doc06;doc02,doc04;doc11;doc06,1,0.6666666666666666,1.0,0,"[{""doc"": ""doc04"", ""score"": 0.671299, ""detail"": ""人工智能学院教师"", ""evidence"": true}, {""doc"": ""doc11"", ""score"": 0.671299, ""detail"": ""人工智能学院教师"", ""evidence"": false}, {""doc"": ""doc06"", ""score"": 0.629428, ""detail"": ""大模型通识课"", ""evidence"": true}]"
WikiRAG,na,3,builtin15,Q02,multi,AI 协会的指导教师主讲课程的课程代码是什么？,doc11;doc04;doc06,doc07;doc08;doc04,3,0.3333333333333333,0.3333333333333333,0,"[{""doc"": ""doc07"", ""score"": 0.678776, ""detail"": ""知识图谱导论"", ""evidence"": false}, {""doc"": ""doc08"", ""score"": 0.678776, ""detail"": ""知识图谱导论"", ""evidence"": false}, {""doc"": ""doc04"", ""score"": 0.669253, ""detail"": ""人工智能学院教师"", ""evidence"": true}]"
WikiRAG,na,3,builtin15,Q03,multi,认知计算全国重点实验室依托的学院成立于哪一年？,doc10;doc02,doc02;doc10;doc15,1,1.0,1.0,1,"[{""doc"": ""doc02"", ""score"": 0.695022, ""detail"": ""人工智能学院"", ""evidence"": true}, {""doc"": ""doc10"", ""score"": 0.695022, ""detail"": ""人工智能学院"", ""evidence"": true}, {""doc"": ""doc15"", ""score"": 0.695022, ""detail"": ""人工智能学院"", ""evidence"": false}]"
WikiRAG,na,3,builtin15,Q04,multi,《知识图谱导论》授课教师的研究方向是什么？,doc07;doc04,doc07;doc08;doc04,1,1.0,1.0,1,"[{""doc"": ""doc07"", ""score"": 0.713618, ""detail"": ""知识图谱导论"", ""evidence"": true}, {""doc"": ""doc08"", ""score"": 0.713618, ""detail"": ""知识图谱导论"", ""evidence"": false}, {""doc"": ""doc04"", ""score"": 0.638019, ""detail"": ""人工智能学院教师"", ""evidence"": true}]"
WikiRAG,na,3,builtin15,Q05,multi,机器人战队的指导教师的研究方向是什么？,doc11;doc04,doc04;doc11;doc13,1,1.0,1.0,1,"[{""doc"": ""doc04"", ""score"": 0.715674, ""detail"": ""人工智能学院教师"", ""evidence"": true}, {""doc"": ""doc11"", ""score"": 0.715674, ""detail"": ""人工智能学院教师"", ""evidence"": true}, {""doc"": ""doc13"", ""score"": 0.709931, ""detail"": ""学生社团与校园生活"", ""evidence"": false}]"
WikiRAG,na,3,builtin15,Q06,fact,云山大学的校训是什么？,doc01,doc01;doc12;doc14,1,1.0,1.0,1,"[{""doc"": ""doc01"", ""score"": 0.679908, ""detail"": ""云山大学"", ""evidence"": true}, {""doc"": ""doc12"", ""score"": 0.679908, ""detail"": ""云山大学"", ""evidence"": false}, {""doc"": ""doc14"", ""score"": 0.679908, ""detail"": ""云山大学"", ""evidence"": false}]"
WikiRAG,na,3,builtin15,Q07,fact,国家奖学金的金额是多少？,doc09,doc09;doc01;doc12,1,1.0,1.0,1,"[{""doc"": ""doc09"", ""score"": 0.866399, ""detail"": ""奖学金体系"", ""evidence"": true}, {""doc"": ""doc01"", ""score"": 0.334856, ""detail"": ""云山大学"", ""evidence"": false}, {""doc"": ""doc12"", ""score"": 0.334856, ""detail"": ""云山大学"", ""evidence"": false}]"
WikiRAG,na,3,builtin15,Q08,fact,图书馆每天几点到几点开放？,doc13,doc11;doc13;doc01,2,1.0,0.5,1,"[{""doc"": ""doc11"", ""score"": 0.414517, ""detail"": ""学生社团与校园生活"", ""evidence"": false}, {""doc"": ""doc13"", ""score"": 0.414517, ""detail"": ""学生社团与校园生活"", ""evidence"": true}, {""doc"": ""doc01"", ""score"": 0.358064, ""detail"": ""云山大学"", ""evidence"": false}]"
WikiRAG,na,3,builtin15,Q09,fact,人工智能学院成立于哪一年？,doc02,doc02;doc10;doc15,1,1.0,1.0,1,"[{""doc"": ""doc02"", ""score"": 0.716072, ""detail"": ""人工智能学院"", ""evidence"": true}, {""doc"": ""doc10"", ""score"": 0.716072, ""detail"": ""人工智能学院"", ""evidence"": false}, {""doc"": ""doc15"", ""score"": 0.716072, ""detail"": ""人工智能学院"", ""evidence"": false}]"
WikiRAG,na,3,builtin15,Q10,fact,春季学期什么时候开学？,doc12,doc06;doc01;doc12,3,1.0,0.3333333333333333,1,"[{""doc"": ""doc06"", ""score"": 0.556659, ""detail"": ""大模型通识课"", ""evidence"": false}, {""doc"": ""doc01"", ""score"": 0.461686, ""detail"": ""云山大学"", ""evidence"": false}, {""doc"": ""doc12"", ""score"": 0.461686, ""detail"": ""云山大学"", ""evidence"": true}]"
WikiRAG,na,3,builtin15,Q11,global,云山大学有哪些科研平台？分别依托谁建设？,doc10;doc02;doc03,doc05;doc01;doc12,0,0.0,0.0,0,"[{""doc"": ""doc05"", ""score"": 0.532092, ""detail"": ""计算机学院教师"", ""evidence"": false}, {""doc"": ""doc01"", ""score"": 0.522617, ""detail"": ""云山大学"", ""evidence"": false}, {""doc"": ""doc12"", ""score"": 0.522617, ""detail"": ""云山大学"", ""evidence"": false}]"
WikiRAG,na,3,builtin15,Q12,global,学校的学生奖励体系包含哪些项目？,doc09,doc09;doc06;doc05,1,1.0,1.0,1,"[{""doc"": ""doc09"", ""score"": 0.447702, ""detail"": ""奖学金体系"", ""evidence"": true}, {""doc"": ""doc06"", ""score"": 0.416726, ""detail"": ""大模型通识课"", ""evidence"": false}, {""doc"": ""doc05"", ""score"": 0.356706, ""detail"": ""计算机学院教师"", ""evidence"": false}]"
WikiRAG,na,3,builtin15,Q13,global,人工智能学院有哪些教师？各自做什么研究方向？,doc04,doc04;doc11;doc02,1,1.0,1.0,1,"[{""doc"": ""doc04"", ""score"": 0.718147, ""detail"": ""人工智能学院教师"", ""evidence"": true}, {""doc"": ""doc11"", ""score"": 0.718147, ""detail"": ""人工智能学院教师"", ""evidence"": false}, {""doc"": ""doc02"", ""score"": 0.708834, ""detail"": ""人工智能学院"", ""evidence"": false}]"
WikiRAG,na,3,builtin15,Q14,global,本科生选课有哪些限制和先修要求？,doc08,doc06;doc05;doc04,0,0.0,0.0,0,"[{""doc"": ""doc06"", ""score"": 0.576648, ""detail"": ""大模型通识课"", ""evidence"": false}, {""doc"": ""doc05"", ""score"": 0.385623, ""detail"": ""计算机学院教师"", ""evidence"": false}, {""doc"": ""doc04"", ""score"": 0.360437, ""detail"": ""人工智能学院教师"", ""evidence"": false}]"
WikiRAG,na,3,builtin15,Q15,global,对想深入学习大模型的学生，学校提供哪些课程和课外活动？,doc06;doc11,doc06;doc04;doc11,1,1.0,1.0,1,"[{""doc"": ""doc06"", ""score"": 0.713873, ""detail"": ""大模型通识课"", ""evidence"": true}, {""doc"": ""doc04"", ""score"": 0.513617, ""detail"": ""人工智能学院教师"", ""evidence"": false}, {""doc"": ""doc11"", ""score"": 0.513617, ""detail"": ""人工智能学院教师"", ""evidence"": true}]"
Hybrid RAG,na,3,builtin15,Q01,multi,《大模型通识课》授课教师所在学院的行政负责人是谁？,doc04;doc06;doc02,doc04;doc06;doc05,1,0.6666666666666666,1.0,0,"[{""doc"": ""doc04"", ""score"": 0.032522, ""detail"": ""vector=1, lexical=2"", ""evidence"": true}, {""doc"": ""doc06"", ""score"": 0.032522, ""detail"": ""vector=2, lexical=1"", ""evidence"": true}, {""doc"": ""doc05"", ""score"": 0.031258, ""detail"": ""vector=3, lexical=5"", ""evidence"": false}]"
Hybrid RAG,na,3,builtin15,Q02,multi,AI 协会的指导教师主讲课程的课程代码是什么？,doc11;doc04;doc06,doc07;doc11;doc06,2,0.6666666666666666,0.5,0,"[{""doc"": ""doc07"", ""score"": 0.032522, ""detail"": ""vector=1, lexical=2"", ""evidence"": false}, {""doc"": ""doc11"", ""score"": 0.032018, ""detail"": ""vector=4, lexical=1"", ""evidence"": true}, {""doc"": ""doc06"", ""score"": 0.032002, ""detail"": ""vector=2, lexical=3"", ""evidence"": true}]"
Hybrid RAG,na,3,builtin15,Q03,multi,认知计算全国重点实验室依托的学院成立于哪一年？,doc10;doc02,doc10;doc02;doc03,1,1.0,1.0,1,"[{""doc"": ""doc10"", ""score"": 0.032787, ""detail"": ""vector=1, lexical=1"", ""evidence"": true}, {""doc"": ""doc02"", ""score"": 0.032258, ""detail"": ""vector=2, lexical=2"", ""evidence"": true}, {""doc"": ""doc03"", ""score"": 0.031258, ""detail"": ""vector=5, lexical=3"", ""evidence"": false}]"
Hybrid RAG,na,3,builtin15,Q04,multi,《知识图谱导论》授课教师的研究方向是什么？,doc07;doc04,doc04;doc07;doc06,1,1.0,1.0,1,"[{""doc"": ""doc04"", ""score"": 0.032522, ""detail"": ""vector=1, lexical=2"", ""evidence"": true}, {""doc"": ""doc07"", ""score"": 0.032522, ""detail"": ""vector=2, lexical=1"", ""evidence"": true}, {""doc"": ""doc06"", ""score"": 0.031258, ""detail"": ""vector=3, lexical=5"", ""evidence"": false}]"
Hybrid RAG,na,3,builtin15,Q05,multi,机器人战队的指导教师的研究方向是什么？,doc11;doc04,doc11;doc04;doc05,1,1.0,1.0,1,"[{""doc"": ""doc11"", ""score"": 0.032787, ""detail"": ""vector=1, lexical=1"", ""evidence"": true}, {""doc"": ""doc04"", ""score"": 0.032002, ""detail"": ""vector=2, lexical=3"", ""evidence"": true}, {""doc"": ""doc05"", ""score"": 0.031514, ""detail"": ""vector=5, lexical=2"", ""evidence"": false}]"
Hybrid RAG,na,3,builtin15,Q06,fact,云山大学的校训是什么？,doc01,doc01;doc15;doc10,1,1.0,1.0,1,"[{""doc"": ""doc01"", ""score"": 0.032787, ""detail"": ""vector=1, lexical=1"", ""evidence"": true}, {""doc"": ""doc15"", ""score"": 0.031754, ""detail"": ""vector=2, lexical=4"", ""evidence"": false}, {""doc"": ""doc10"", ""score"": 0.031054, ""detail"": ""vector=7, lexical=2"", ""evidence"": false}]"
Hybrid RAG,na,3,builtin15,Q07,fact,国家奖学金的金额是多少？,doc09,doc09;doc01;doc15,1,1.0,1.0,1,"[{""doc"": ""doc09"", ""score"": 0.032787, ""detail"": ""vector=1, lexical=1"", ""evidence"": true}, {""doc"": ""doc01"", ""score"": 0.032002, ""detail"": ""vector=2, lexical=3"", ""evidence"": false}, {""doc"": ""doc15"", ""score"": 0.032002, ""detail"": ""vector=3, lexical=2"", ""evidence"": false}]"
Hybrid RAG,na,3,builtin15,Q08,fact,图书馆每天几点到几点开放？,doc13,doc13;doc05;doc01,1,1.0,1.0,1,"[{""doc"": ""doc13"", ""score"": 0.032787, ""detail"": ""vector=1, lexical=1"", ""evidence"": true}, {""doc"": ""doc05"", ""score"": 0.031025, ""detail"": ""vector=3, lexical=6"", ""evidence"": false}, {""doc"": ""doc01"", ""score"": 0.030835, ""detail"": ""vector=8, lexical=2"", ""evidence"": false}]"
Hybrid RAG,na,3,builtin15,Q09,fact,人工智能学院成立于哪一年？,doc02,doc02;doc07;doc10,1,1.0,1.0,1,"[{""doc"": ""doc02"", ""score"": 0.032787, ""detail"": ""vector=1, lexical=1"", ""evidence"": true}, {""doc"": ""doc07"", ""score"": 0.032258, ""detail"": ""vector=2, lexical=2"", ""evidence"": false}, {""doc"": ""doc10"", ""score"": 0.031498, ""detail"": ""vector=3, lexical=4"", ""evidence"": false}]"
Hybrid RAG,na,3,builtin15,Q10,fact,春季学期什么时候开学？,doc12,doc12;doc06;doc07,1,1.0,1.0,1,"[{""doc"": ""doc12"", ""score"": 0.032787, ""detail"": ""vector=1, lexical=1"", ""evidence"": true}, {""doc"": ""doc06"", ""score"": 0.032258, ""detail"": ""vector=2, lexical=2"", ""evidence"": false}, {""doc"": ""doc07"", ""score"": 0.031746, ""detail"": ""vector=3, lexical=3"", ""evidence"": false}]"
Hybrid RAG,na,3,builtin15,Q11,global,云山大学有哪些科研平台？分别依托谁建设？,doc10;doc02;doc03,doc10;doc01;doc15,1,0.3333333333333333,1.0,0,"[{""doc"": ""doc10"", ""score"": 0.032787, ""detail"": ""vector=1, lexical=1"", ""evidence"": true}, {""doc"": ""doc01"", ""score"": 0.031754, ""detail"": ""vector=4, lexical=2"", ""evidence"": false}, {""doc"": ""doc15"", ""score"": 0.031746, ""detail"": ""vector=3, lexical=3"", ""evidence"": false}]"
Hybrid RAG,na,3,builtin15,Q12,global,学校的学生奖励体系包含哪些项目？,doc09,doc15;doc09;doc11,2,1.0,0.5,1,"[{""doc"": ""doc15"", ""score"": 0.032787, ""detail"": ""vector=1, lexical=1"", ""evidence"": false}, {""doc"": ""doc09"", ""score"": 0.032258, ""detail"": ""vector=2, lexical=2"", ""evidence"": true}, {""doc"": ""doc11"", ""score"": 0.031498, ""detail"": ""vector=4, lexical=3"", ""evidence"": false}]"
Hybrid RAG,na,3,builtin15,Q13,global,人工智能学院有哪些教师？各自做什么研究方向？,doc04,doc04;doc07;doc02,1,1.0,1.0,1,"[{""doc"": ""doc04"", ""score"": 0.032522, ""detail"": ""vector=1, lexical=2"", ""evidence"": true}, {""doc"": ""doc07"", ""score"": 0.032522, ""detail"": ""vector=2, lexical=1"", ""evidence"": false}, {""doc"": ""doc02"", ""score"": 0.031498, ""detail"": ""vector=3, lexical=4"", ""evidence"": false}]"
Hybrid RAG,na,3,builtin15,Q14,global,本科生选课有哪些限制和先修要求？,doc08,doc08;doc06;doc15,1,1.0,1.0,1,"[{""doc"": ""doc08"", ""score"": 0.032787, ""detail"": ""vector=1, lexical=1"", ""evidence"": true}, {""doc"": ""doc06"", ""score"": 0.032258, ""detail"": ""vector=2, lexical=2"", ""evidence"": false}, {""doc"": ""doc15"", ""score"": 0.03101, ""detail"": ""vector=4, lexical=5"", ""evidence"": false}]"
Hybrid RAG,na,3,builtin15,Q15,global,对想深入学习大模型的学生，学校提供哪些课程和课外活动？,doc06;doc11,doc06;doc04;doc08,1,0.5,1.0,0,"[{""doc"": ""doc06"", ""score"": 0.032787, ""detail"": ""vector=1, lexical=1"", ""evidence"": true}, {""doc"": ""doc04"", ""score"": 0.032258, ""detail"": ""vector=2, lexical=2"", ""evidence"": false}, {""doc"": ""doc08"", ""score"": 0.031498, ""detail"": ""vector=3, lexical=4"", ""evidence"": false}]"
GraphRAG,global,3,builtin15,Q01,multi,《大模型通识课》授课教师所在学院的行政负责人是谁？,doc04;doc06;doc02,doc02;doc04;doc06,1,1.0,1.0,1,"[{""doc"": ""doc02"", ""score"": 0.528815, ""detail"": ""社区 C1 教学与课程：人工智能学院设三个系，开设《大模型通识课》（AI2101，李文瀚主讲）与《知识图谱导论》（AI3305，赵婉晴主讲），AI3305 需先修《数据结构》。"", ""evidence"": true}, {""doc"": ""doc04"", ""score"": 0.528815, ""detail"": ""社区 C1 教学与课程：人工智能学院设三个系，开设《大模型通识课》（AI2101，李文瀚主讲）与《知识图谱导论》（AI3305，赵婉晴主讲），AI3305 需先修《数据结构》。"", ""evidence"": true}, {""doc"": ""doc06"", ""score"": 0.528815, ""detail"": ""社区 C1 教学与课程：人工智能学院设三个系，开设《大模型通识课》（AI2101，李文瀚主讲）与《知识图谱导论》（AI3305，赵婉晴主讲），AI3305 需先修《数据结构》。"", ""evidence"": true}]"
GraphRAG,global,3,builtin15,Q02,multi,AI 协会的指导教师主讲课程的课程代码是什么？,doc11;doc04;doc06,doc02;doc04;doc06,2,0.6666666666666666,0.5,0,"[{""doc"": ""doc02"", ""score"": 0.733584, ""detail"": ""社区 C1 教学与课程：人工智能学院设三个系，开设《大模型通识课》（AI2101，李文瀚主讲）与《知识图谱导论》（AI3305，赵婉晴主讲），AI3305 需先修《数据结构》。"", ""evidence"": false}, {""doc"": ""doc04"", ""score"": 0.733584, ""detail"": ""社区 C1 教学与课程：人工智能学院设三个系，开设《大模型通识课》（AI2101，李文瀚主讲）与《知识图谱导论》（AI3305，赵婉晴主讲），AI3305 需先修《数据结构》。"", ""evidence"": true}, {""doc"": ""doc06"", ""score"": 0.733584, ""detail"": ""社区 C1 教学与课程：人工智能学院设三个系，开设《大模型通识课》（AI2101，李文瀚主讲）与《知识图谱导论》（AI3305，赵婉晴主讲），AI3305 需先修《数据结构》。"", ""evidence"": true}]"
GraphRAG,global,3,builtin15,Q03,multi,认知计算全国重点实验室依托的学院成立于哪一年？,doc10;doc02,doc02;doc03;doc10,1,1.0,1.0,1,"[{""doc"": ""doc02"", ""score"": 0.62097, ""detail"": ""社区 C2 科研与国际：认知计算全国重点实验室依托人工智能学院，岭南超算中心由计算机学院参与共建；学院与新加坡南洋理工大学有联合培养项目。"", ""evidence"": true}, {""doc"": ""doc03"", ""score"": 0.62097, ""detail"": ""社区 C2 科研与国际：认知计算全国重点实验室依托人工智能学院，岭南超算中心由计算机学院参与共建；学院与新加坡南洋理工大学有联合培养项目。"", ""evidence"": false}, {""doc"": ""doc10"", ""score"": 0.62097, ""detail"": ""社区 C2 科研与国际：认知计算全国重点实验室依托人工智能学院，岭南超算中心由计算机学院参与共建；学院与新加坡南洋理工大学有联合培养项目。"", ""evidence"": true}]"
GraphRAG,global,3,builtin15,Q04,multi,《知识图谱导论》授课教师的研究方向是什么？,doc07;doc04,doc02;doc04;doc06,2,0.5,0.5,0,"[{""doc"": ""doc02"", ""score"": 0.526289, ""detail"": ""社区 C1 教学与课程：人工智能学院设三个系，开设《大模型通识课》（AI2101，李文瀚主讲）与《知识图谱导论》（AI3305，赵婉晴主讲），AI3305 需先修《数据结构》。"", ""evidence"": false}, {""doc"": ""doc04"", ""score"": 0.526289, ""detail"": ""社区 C1 教学与课程：人工智能学院设三个系，开设《大模型通识课》（AI2101，李文瀚主讲）与《知识图谱导论》（AI3305，赵婉晴主讲），AI3305 需先修《数据结构》。"", ""evidence"": true}, {""doc"": ""doc06"", ""score"": 0.526289, ""detail"": ""社区 C1 教学与课程：人工智能学院设三个系，开设《大模型通识课》（AI2101，李文瀚主讲）与《知识图谱导论》（AI3305，赵婉晴主讲），AI3305 需先修《数据结构》。"", ""evidence"": false}]"
GraphRAG,global,3,builtin15,Q05,multi,机器人战队的指导教师的研究方向是什么？,doc11;doc04,doc02;doc04;doc06,2,0.5,0.5,0,"[{""doc"": ""doc02"", ""score"": 0.42753, ""detail"": ""社区 C1 教学与课程：人工智能学院设三个系，开设《大模型通识课》（AI2101，李文瀚主讲）与《知识图谱导论》（AI3305，赵婉晴主讲），AI3305 需先修《数据结构》。"", ""evidence"": false}, {""doc"": ""doc04"", ""score"": 0.42753, ""detail"": ""社区 C1 教学与课程：人工智能学院设三个系，开设《大模型通识课》（AI2101，李文瀚主讲）与《知识图谱导论》（AI3305，赵婉晴主讲），AI3305 需先修《数据结构》。"", ""evidence"": true}, {""doc"": ""doc06"", ""score"": 0.42753, ""detail"": ""社区 C1 教学与课程：人工智能学院设三个系，开设《大模型通识课》（AI2101，李文瀚主讲）与《知识图谱导论》（AI3305，赵婉晴主讲），AI3305 需先修《数据结构》。"", ""evidence"": false}]"
GraphRAG,global,3,builtin15,Q06,fact,云山大学的校训是什么？,doc01,doc02;doc03;doc10,0,0.0,0.0,0,"[{""doc"": ""doc02"", ""score"": 0.486101, ""detail"": ""社区 C2 科研与国际：认知计算全国重点实验室依托人工智能学院，岭南超算中心由计算机学院参与共建；学院与新加坡南洋理工大学有联合培养项目。"", ""evidence"": false}, {""doc"": ""doc03"", ""score"": 0.486101, ""detail"": ""社区 C2 科研与国际：认知计算全国重点实验室依托人工智能学院，岭南超算中心由计算机学院参与共建；学院与新加坡南洋理工大学有联合培养项目。"", ""evidence"": false}, {""doc"": ""doc10"", ""score"": 0.486101, ""detail"": ""社区 C2 科研与国际：认知计算全国重点实验室依托人工智能学院，岭南超算中心由计算机学院参与共建；学院与新加坡南洋理工大学有联合培养项目。"", ""evidence"": false}]"
GraphRAG,global,3,builtin15,Q07,fact,国家奖学金的金额是多少？,doc09,doc09;doc11;doc13,1,1.0,1.0,1,"[{""doc"": ""doc09"", ""score"": 0.598928, ""detail"": ""社区 C3 学生生活：奖学金分国家（8000 元）、校长（20000 元）、云山一等（3000 元）三级；社团有 AI 协会与机器人战队，图书馆藏书 380 万册、7:00-22:00 开放。"", ""evidence"": true}, {""doc"": ""doc11"", ""score"": 0.598928, ""detail"": ""社区 C3 学生生活：奖学金分国家（8000 元）、校长（20000 元）、云山一等（3000 元）三级；社团有 AI 协会与机器人战队，图书馆藏书 380 万册、7:00-22:00 开放。"", ""evidence"": false}, {""doc"": ""doc13"", ""score"": 0.598928, ""detail"": ""社区 C3 学生生活：奖学金分国家（8000 元）、校长（20000 元）、云山一等（3000 元）三级；社团有 AI 协会与机器人战队，图书馆藏书 380 万册、7:00-22:00 开放。"", ""evidence"": false}]"
GraphRAG,global,3,builtin15,Q08,fact,图书馆每天几点到几点开放？,doc13,doc09;doc11;doc13,3,1.0,0.3333333333333333,1,"[{""doc"": ""doc09"", ""score"": 0.27667, ""detail"": ""社区 C3 学生生活：奖学金分国家（8000 元）、校长（20000 元）、云山一等（3000 元）三级；社团有 AI 协会与机器人战队，图书馆藏书 380 万册、7:00-22:00 开放。"", ""evidence"": false}, {""doc"": ""doc11"", ""score"": 0.27667, ""detail"": ""社区 C3 学生生活：奖学金分国家（8000 元）、校长（20000 元）、云山一等（3000 元）三级；社团有 AI 协会与机器人战队，图书馆藏书 380 万册、7:00-22:00 开放。"", ""evidence"": false}, {""doc"": ""doc13"", ""score"": 0.27667, ""detail"": ""社区 C3 学生生活：奖学金分国家（8000 元）、校长（20000 元）、云山一等（3000 元）三级；社团有 AI 协会与机器人战队，图书馆藏书 380 万册、7:00-22:00 开放。"", ""evidence"": true}]"
GraphRAG,global,3,builtin15,Q09,fact,人工智能学院成立于哪一年？,doc02,doc02;doc04;doc06,1,1.0,1.0,1,"[{""doc"": ""doc02"", ""score"": 0.60068, ""detail"": ""社区 C1 教学与课程：人工智能学院设三个系，开设《大模型通识课》（AI2101，李文瀚主讲）与《知识图谱导论》（AI3305，赵婉晴主讲），AI3305 需先修《数据结构》。"", ""evidence"": true}, {""doc"": ""doc04"", ""score"": 0.60068, ""detail"": ""社区 C1 教学与课程：人工智能学院设三个系，开设《大模型通识课》（AI2101，李文瀚主讲）与《知识图谱导论》（AI3305，赵婉晴主讲），AI3305 需先修《数据结构》。"", ""evidence"": false}, {""doc"": ""doc06"", ""score"": 0.60068, ""detail"": ""社区 C1 教学与课程：人工智能学院设三个系，开设《大模型通识课》（AI2101，李文瀚主讲）与《知识图谱导论》（AI3305，赵婉晴主讲），AI3305 需先修《数据结构》。"", ""evidence"": false}]"
GraphRAG,global,3,builtin15,Q10,fact,春季学期什么时候开学？,doc12,doc02;doc04;doc06,0,0.0,0.0,0,"[{""doc"": ""doc02"", ""score"": 0.222629, ""detail"": ""社区 C1 教学与课程：人工智能学院设三个系，开设《大模型通识课》（AI2101，李文瀚主讲）与《知识图谱导论》（AI3305，赵婉晴主讲），AI3305 需先修《数据结构》。"", ""evidence"": false}, {""doc"": ""doc04"", ""score"": 0.222629, ""detail"": ""社区 C1 教学与课程：人工智能学院设三个系，开设《大模型通识课》（AI2101，李文瀚主讲）与《知识图谱导论》（AI3305，赵婉晴主讲），AI3305 需先修《数据结构》。"", ""evidence"": false}, {""doc"": ""doc06"", ""score"": 0.222629, ""detail"": ""社区 C1 教学与课程：人工智能学院设三个系，开设《大模型通识课》（AI2101，李文瀚主讲）与《知识图谱导论》（AI3305，赵婉晴主讲），AI3305 需先修《数据结构》。"", ""evidence"": false}]"
GraphRAG,global,3,builtin15,Q11,global,云山大学有哪些科研平台？分别依托谁建设？,doc10;doc02;doc03,doc02;doc03;doc10,1,1.0,1.0,1,"[{""doc"": ""doc02"", ""score"": 0.570326, ""detail"": ""社区 C2 科研与国际：认知计算全国重点实验室依托人工智能学院，岭南超算中心由计算机学院参与共建；学院与新加坡南洋理工大学有联合培养项目。"", ""evidence"": true}, {""doc"": ""doc03"", ""score"": 0.570326, ""detail"": ""社区 C2 科研与国际：认知计算全国重点实验室依托人工智能学院，岭南超算中心由计算机学院参与共建；学院与新加坡南洋理工大学有联合培养项目。"", ""evidence"": true}, {""doc"": ""doc10"", ""score"": 0.570326, ""detail"": ""社区 C2 科研与国际：认知计算全国重点实验室依托人工智能学院，岭南超算中心由计算机学院参与共建；学院与新加坡南洋理工大学有联合培养项目。"", ""evidence"": true}]"
GraphRAG,global,3,builtin15,Q12,global,学校的学生奖励体系包含哪些项目？,doc09,doc09;doc11;doc13,1,1.0,1.0,1,"[{""doc"": ""doc09"", ""score"": 0.479209, ""detail"": ""社区 C3 学生生活：奖学金分国家（8000 元）、校长（20000 元）、云山一等（3000 元）三级；社团有 AI 协会与机器人战队，图书馆藏书 380 万册、7:00-22:00 开放。"", ""evidence"": true}, {""doc"": ""doc11"", ""score"": 0.479209, ""detail"": ""社区 C3 学生生活：奖学金分国家（8000 元）、校长（20000 元）、云山一等（3000 元）三级；社团有 AI 协会与机器人战队，图书馆藏书 380 万册、7:00-22:00 开放。"", ""evidence"": false}, {""doc"": ""doc13"", ""score"": 0.479209, ""detail"": ""社区 C3 学生生活：奖学金分国家（8000 元）、校长（20000 元）、云山一等（3000 元）三级；社团有 AI 协会与机器人战队，图书馆藏书 380 万册、7:00-22:00 开放。"", ""evidence"": false}]"
GraphRAG,global,3,builtin15,Q13,global,人工智能学院有哪些教师？各自做什么研究方向？,doc04,doc02;doc04;doc06,2,1.0,0.5,1,"[{""doc"": ""doc02"", ""score"": 0.702628, ""detail"": ""社区 C1 教学与课程：人工智能学院设三个系，开设《大模型通识课》（AI2101，李文瀚主讲）与《知识图谱导论》（AI3305，赵婉晴主讲），AI3305 需先修《数据结构》。"", ""evidence"": false}, {""doc"": ""doc04"", ""score"": 0.702628, ""detail"": ""社区 C1 教学与课程：人工智能学院设三个系，开设《大模型通识课》（AI2101，李文瀚主讲）与《知识图谱导论》（AI3305，赵婉晴主讲），AI3305 需先修《数据结构》。"", ""evidence"": true}, {""doc"": ""doc06"", ""score"": 0.702628, ""detail"": ""社区 C1 教学与课程：人工智能学院设三个系，开设《大模型通识课》（AI2101，李文瀚主讲）与《知识图谱导论》（AI3305，赵婉晴主讲），AI3305 需先修《数据结构》。"", ""evidence"": false}]"
GraphRAG,global,3,builtin15,Q14,global,本科生选课有哪些限制和先修要求？,doc08,doc02;doc04;doc06,0,0.0,0.0,0,"[{""doc"": ""doc02"", ""score"": 0.350276, ""detail"": ""社区 C1 教学与课程：人工智能学院设三个系，开设《大模型通识课》（AI2101，李文瀚主讲）与《知识图谱导论》（AI3305，赵婉晴主讲），AI3305 需先修《数据结构》。"", ""evidence"": false}, {""doc"": ""doc04"", ""score"": 0.350276, ""detail"": ""社区 C1 教学与课程：人工智能学院设三个系，开设《大模型通识课》（AI2101，李文瀚主讲）与《知识图谱导论》（AI3305，赵婉晴主讲），AI3305 需先修《数据结构》。"", ""evidence"": false}, {""doc"": ""doc06"", ""score"": 0.350276, ""detail"": ""社区 C1 教学与课程：人工智能学院设三个系，开设《大模型通识课》（AI2101，李文瀚主讲）与《知识图谱导论》（AI3305，赵婉晴主讲），AI3305 需先修《数据结构》。"", ""evidence"": false}]"
GraphRAG,global,3,builtin15,Q15,global,对想深入学习大模型的学生，学校提供哪些课程和课外活动？,doc06;doc11,doc02;doc04;doc06,3,0.5,0.3333333333333333,0,"[{""doc"": ""doc02"", ""score"": 0.52265, ""detail"": ""社区 C1 教学与课程：人工智能学院设三个系，开设《大模型通识课》（AI2101，李文瀚主讲）与《知识图谱导论》（AI3305，赵婉晴主讲），AI3305 需先修《数据结构》。"", ""evidence"": false}, {""doc"": ""doc04"", ""score"": 0.52265, ""detail"": ""社区 C1 教学与课程：人工智能学院设三个系，开设《大模型通识课》（AI2101，李文瀚主讲）与《知识图谱导论》（AI3305，赵婉晴主讲），AI3305 需先修《数据结构》。"", ""evidence"": false}, {""doc"": ""doc06"", ""score"": 0.52265, ""detail"": ""社区 C1 教学与课程：人工智能学院设三个系，开设《大模型通识课》（AI2101，李文瀚主讲）与《知识图谱导论》（AI3305，赵婉晴主讲），AI3305 需先修《数据结构》。"", ""evidence"": true}]"
Vector RAG,na,5,builtin15,Q01,multi,《大模型通识课》授课教师所在学院的行政负责人是谁？,doc04;doc06;doc02,doc04;doc06;doc05;doc11;doc07,1,0.6666666666666666,1.0,0,"[{""doc"": ""doc04"", ""score"": 0.683426, ""detail"": ""人工智能学院教师：李文瀚，教授，2019 年入职，研究方向为检索增强生成，主讲《大模型通识课》；赵婉晴，副教授，研究方向为知识图谱，主讲《知识图谱导论》；孙浩然，讲师，研究方向为强化学习。"", ""evidence"": true}, {""doc"": ""doc06"", ""score"": 0.602752, ""detail"": ""《大模型通识课》课程代码 AI2101，3 学分、32 学时，春季学期开设，授课教师李文瀚，面向全校本科生，无先修课程要求。"", ""evidence"": true}, {""doc"": ""doc05"", ""score"": 0.589283, ""detail"": ""计算机学院教师：周天宇，教授，研究方向为分布式系统；林小雨，副教授，研究方向为数据库系统。"", ""evidence"": false}, {""doc"": ""doc11"", ""score"": 0.552437, ""detail"": ""学生社团：AI 协会，指导教师李文瀚，每周三晚组织论文研读；机器人战队，指导教师孙浩然，每年参加全国机器人大赛。"", ""evidence"": false}, {""doc"": ""doc07"", ""score"": 0.54561, ""detail"": ""《知识图谱导论》课程代码 AI3305，2 学分，秋季学期开设，授课教师赵婉晴，面向人工智能学院研究生。"", ""evidence"": false}]"
Vector RAG,na,5,builtin15,Q02,multi,AI 协会的指导教师主讲课程的课程代码是什么？,doc11;doc04;doc06,doc07;doc06;doc04;doc11;doc15,2,1.0,0.5,1,"[{""doc"": ""doc07"", ""score"": 0.795045, ""detail"": ""《知识图谱导论》课程代码 AI3305，2 学分，秋季学期开设，授课教师赵婉晴，面向人工智能学院研究生。"", ""evidence"": false}, {""doc"": ""doc06"", ""score"": 0.767115, ""detail"": ""《大模型通识课》课程代码 AI2101，3 学分、32 学时，春季学期开设，授课教师李文瀚，面向全校本科生，无先修课程要求。"", ""evidence"": true}, {""doc"": ""doc04"", ""score"": 0.716172, ""detail"": ""人工智能学院教师：李文瀚，教授，2019 年入职，研究方向为检索增强生成，主讲《大模型通识课》；赵婉晴，副教授，研究方向为知识图谱，主讲《知识图谱导论》；孙浩然，讲师，研究方向为强化学习。"", ""evidence"": true}, {""doc"": ""doc11"", ""score"": 0.609674, ""detail"": ""学生社团：AI 协会，指导教师李文瀚，每周三晚组织论文研读；机器人战队，指导教师孙浩然，每年参加全国机器人大赛。"", ""evidence"": true}, {""doc"": ""doc15"", ""score"": 0.561138, ""detail"": ""国际交流：学校与 12 个国家的 47 所高校签有交换协议；人工智能学院与新加坡南洋理工大学有本科联合培养项目。"", ""evidence"": false}]"
Vector RAG,na,5,builtin15,Q03,multi,认知计算全国重点实验室依托的学院成立于哪一年？,doc10;doc02,doc10;doc02;doc01;doc04;doc03,1,1.0,1.0,1,"[{""doc"": ""doc10"", ""score"": 0.688067, ""detail"": ""科研平台：认知计算全国重点实验室依托人工智能学院建设；岭南超算中心由云山大学与省科技厅共建，计算机学院参与运行管理。"", ""evidence"": true}, {""doc"": ""doc02"", ""score"": 0.563081, ""detail"": ""人工智能学院成立于 2018 年，首任及现任院长为王启明教授。学院下设机器学习系、智能科学系、认知计算系三个系。"", ""evidence"": true}, {""doc"": ""doc01"", ""score"": 0.55739, ""detail"": ""云山大学位于岭南省云州市，建于 1958 年，是省属重点大学，现有全日制本科生约 2.1 万人。校训为「格物致知」。"", ""evidence"": false}, {""doc"": ""doc04"", ""score"": 0.494016, ""detail"": ""人工智能学院教师：李文瀚，教授，2019 年入职，研究方向为检索增强生成，主讲《大模型通识课》；赵婉晴，副教授，研究方向为知识图谱，主讲《知识图谱导论》；孙浩然，讲师，研究方向为强化学习。"", ""evidence"": false}, {""doc"": ""doc03"", ""score"": 0.465356, ""detail"": ""计算机学院前身为 1985 年成立的计算机系，现任院长陈国峰教授，设计算机科学与技术、软件工程两个本科专业。"", ""evidence"": false}]"
Vector RAG,na,5,builtin15,Q04,multi,《知识图谱导论》授课教师的研究方向是什么？,doc07;doc04,doc04;doc07;doc06;doc05;doc08,1,1.0,1.0,1,"[{""doc"": ""doc04"", ""score"": 0.720972, ""detail"": ""人工智能学院教师：李文瀚，教授，2019 年入职，研究方向为检索增强生成，主讲《大模型通识课》；赵婉晴，副教授，研究方向为知识图谱，主讲《知识图谱导论》；孙浩然，讲师，研究方向为强化学习。"", ""evidence"": true}, {""doc"": ""doc07"", ""score"": 0.65148, ""detail"": ""《知识图谱导论》课程代码 AI3305，2 学分，秋季学期开设，授课教师赵婉晴，面向人工智能学院研究生。"", ""evidence"": true}, {""doc"": ""doc06"", ""score"": 0.574162, ""detail"": ""《大模型通识课》课程代码 AI2101，3 学分、32 学时，春季学期开设，授课教师李文瀚，面向全校本科生，无先修课程要求。"", ""evidence"": false}, {""doc"": ""doc05"", ""score"": 0.557491, ""detail"": ""计算机学院教师：周天宇，教授，研究方向为分布式系统；林小雨，副教授，研究方向为数据库系统。"", ""evidence"": false}, {""doc"": ""doc08"", ""score"": 0.553879, ""detail"": ""选课规则：本科生每学期最多修 30 学分；GPA 低于 2.0 给予学术警告。先修要求：《知识图谱导论》需先修《数据结构》，《大模型通识课》无先修要求。"", ""evidence"": false}]"
Vector RAG,na,5,builtin15,Q05,multi,机器人战队的指导教师的研究方向是什么？,doc11;doc04,doc11;doc04;doc02;doc07;doc05,1,1.0,1.0,1,"[{""doc"": ""doc11"", ""score"": 0.782681, ""detail"": ""学生社团：AI 协会，指导教师李文瀚，每周三晚组织论文研读；机器人战队，指导教师孙浩然，每年参加全国机器人大赛。"", ""evidence"": true}, {""doc"": ""doc04"", ""score"": 0.61368, ""detail"": ""人工智能学院教师：李文瀚，教授，2019 年入职，研究方向为检索增强生成，主讲《大模型通识课》；赵婉晴，副教授，研究方向为知识图谱，主讲《知识图谱导论》；孙浩然，讲师，研究方向为强化学习。"", ""evidence"": true}, {""doc"": ""doc02"", ""score"": 0.474022, ""detail"": ""人工智能学院成立于 2018 年，首任及现任院长为王启明教授。学院下设机器学习系、智能科学系、认知计算系三个系。"", ""evidence"": false}, {""doc"": ""doc07"", ""score"": 0.467108, ""detail"": ""《知识图谱导论》课程代码 AI3305，2 学分，秋季学期开设，授课教师赵婉晴，面向人工智能学院研究生。"", ""evidence"": false}, {""doc"": ""doc05"", ""score"": 0.466466, ""detail"": ""计算机学院教师：周天宇，教授，研究方向为分布式系统；林小雨，副教授，研究方向为数据库系统。"", ""evidence"": false}]"
Vector RAG,na,5,builtin15,Q06,fact,云山大学的校训是什么？,doc01,doc01;doc15;doc06;doc07;doc04,1,1.0,1.0,1,"[{""doc"": ""doc01"", ""score"": 0.64523, ""detail"": ""云山大学位于岭南省云州市，建于 1958 年，是省属重点大学，现有全日制本科生约 2.1 万人。校训为「格物致知」。"", ""evidence"": true}, {""doc"": ""doc15"", ""score"": 0.53819, ""detail"": ""国际交流：学校与 12 个国家的 47 所高校签有交换协议；人工智能学院与新加坡南洋理工大学有本科联合培养项目。"", ""evidence"": false}, {""doc"": ""doc06"", ""score"": 0.530338, ""detail"": ""《大模型通识课》课程代码 AI2101，3 学分、32 学时，春季学期开设，授课教师李文瀚，面向全校本科生，无先修课程要求。"", ""evidence"": false}, {""doc"": ""doc07"", ""score"": 0.525433, ""detail"": ""《知识图谱导论》课程代码 AI3305，2 学分，秋季学期开设，授课教师赵婉晴，面向人工智能学院研究生。"", ""evidence"": false}, {""doc"": ""doc04"", ""score"": 0.510088, ""detail"": ""人工智能学院教师：李文瀚，教授，2019 年入职，研究方向为检索增强生成，主讲《大模型通识课》；赵婉晴，副教授，研究方向为知识图谱，主讲《知识图谱导论》；孙浩然，讲师，研究方向为强化学习。"", ""evidence"": false}]"
Vector RAG,na,5,builtin15,Q07,fact,国家奖学金的金额是多少？,doc09,doc09;doc01;doc15;doc08;doc11,1,1.0,1.0,1,"[{""doc"": ""doc09"", ""score"": 0.8462, ""detail"": ""奖学金体系：国家奖学金 8000 元/年，评定比例约 2%；校长奖学金 20000 元/年，全校每年 10 人；云山一等奖学金 3000 元/年，比例约 5%。"", ""evidence"": true}, {""doc"": ""doc01"", ""score"": 0.39258, ""detail"": ""云山大学位于岭南省云州市，建于 1958 年，是省属重点大学，现有全日制本科生约 2.1 万人。校训为「格物致知」。"", ""evidence"": false}, {""doc"": ""doc15"", ""score"": 0.341368, ""detail"": ""国际交流：学校与 12 个国家的 47 所高校签有交换协议；人工智能学院与新加坡南洋理工大学有本科联合培养项目。"", ""evidence"": false}, {""doc"": ""doc08"", ""score"": 0.325995, ""detail"": ""选课规则：本科生每学期最多修 30 学分；GPA 低于 2.0 给予学术警告。先修要求：《知识图谱导论》需先修《数据结构》，《大模型通识课》无先修要求。"", ""evidence"": false}, {""doc"": ""doc11"", ""score"": 0.245221, ""detail"": ""学生社团：AI 协会，指导教师李文瀚，每周三晚组织论文研读；机器人战队，指导教师孙浩然，每年参加全国机器人大赛。"", ""evidence"": false}]"
Vector RAG,na,5,builtin15,Q08,fact,图书馆每天几点到几点开放？,doc13,doc13;doc12;doc05;doc06;doc11,1,1.0,1.0,1,"[{""doc"": ""doc13"", ""score"": 0.548465, ""detail"": ""图书馆藏书 380 万册，开放时间为每天 7:00-22:00；人工智能分馆位于理科楼 B 座 3 层，收藏大模型与智能体专题图书。"", ""evidence"": true}, {""doc"": ""doc12"", ""score"": 0.487478, ""detail"": ""校历：春季学期 3 月 2 日开学、7 月 5 日放暑假；秋季学期 9 月 1 日开学、次年 1 月 15 日放寒假。"", ""evidence"": false}, {""doc"": ""doc05"", ""score"": 0.323983, ""detail"": ""计算机学院教师：周天宇，教授，研究方向为分布式系统；林小雨，副教授，研究方向为数据库系统。"", ""evidence"": false}, {""doc"": ""doc06"", ""score"": 0.287626, ""detail"": ""《大模型通识课》课程代码 AI2101，3 学分、32 学时，春季学期开设，授课教师李文瀚，面向全校本科生，无先修课程要求。"", ""evidence"": false}, {""doc"": ""doc11"", ""score"": 0.261852, ""detail"": ""学生社团：AI 协会，指导教师李文瀚，每周三晚组织论文研读；机器人战队，指导教师孙浩然，每年参加全国机器人大赛。"", ""evidence"": false}]"
Vector RAG,na,5,builtin15,Q09,fact,人工智能学院成立于哪一年？,doc02,doc02;doc07;doc10;doc04;doc11,1,1.0,1.0,1,"[{""doc"": ""doc02"", ""score"": 0.716225, ""detail"": ""人工智能学院成立于 2018 年，首任及现任院长为王启明教授。学院下设机器学习系、智能科学系、认知计算系三个系。"", ""evidence"": true}, {""doc"": ""doc07"", ""score"": 0.612911, ""detail"": ""《知识图谱导论》课程代码 AI3305，2 学分，秋季学期开设，授课教师赵婉晴，面向人工智能学院研究生。"", ""evidence"": false}, {""doc"": ""doc10"", ""score"": 0.596972, ""detail"": ""科研平台：认知计算全国重点实验室依托人工智能学院建设；岭南超算中心由云山大学与省科技厅共建，计算机学院参与运行管理。"", ""evidence"": false}, {""doc"": ""doc04"", ""score"": 0.591169, ""detail"": ""人工智能学院教师：李文瀚，教授，2019 年入职，研究方向为检索增强生成，主讲《大模型通识课》；赵婉晴，副教授，研究方向为知识图谱，主讲《知识图谱导论》；孙浩然，讲师，研究方向为强化学习。"", ""evidence"": false}, {""doc"": ""doc11"", ""score"": 0.533906, ""detail"": ""学生社团：AI 协会，指导教师李文瀚，每周三晚组织论文研读；机器人战队，指导教师孙浩然，每年参加全国机器人大赛。"", ""evidence"": false}]"
Vector RAG,na,5,builtin15,Q10,fact,春季学期什么时候开学？,doc12,doc12;doc06;doc07;doc08;doc11,1,1.0,1.0,1,"[{""doc"": ""doc12"", ""score"": 0.900176, ""detail"": ""校历：春季学期 3 月 2 日开学、7 月 5 日放暑假；秋季学期 9 月 1 日开学、次年 1 月 15 日放寒假。"", ""evidence"": true}, {""doc"": ""doc06"", ""score"": 0.546415, ""detail"": ""《大模型通识课》课程代码 AI2101，3 学分、32 学时，春季学期开设，授课教师李文瀚，面向全校本科生，无先修课程要求。"", ""evidence"": false}, {""doc"": ""doc07"", ""score"": 0.377968, ""detail"": ""《知识图谱导论》课程代码 AI3305，2 学分，秋季学期开设，授课教师赵婉晴，面向人工智能学院研究生。"", ""evidence"": false}, {""doc"": ""doc08"", ""score"": 0.333075, ""detail"": ""选课规则：本科生每学期最多修 30 学分；GPA 低于 2.0 给予学术警告。先修要求：《知识图谱导论》需先修《数据结构》，《大模型通识课》无先修要求。"", ""evidence"": false}, {""doc"": ""doc11"", ""score"": 0.321422, ""detail"": ""学生社团：AI 协会，指导教师李文瀚，每周三晚组织论文研读；机器人战队，指导教师孙浩然，每年参加全国机器人大赛。"", ""evidence"": false}]"
Vector RAG,na,5,builtin15,Q11,global,云山大学有哪些科研平台？分别依托谁建设？,doc10;doc02;doc03,doc10;doc05;doc15;doc01;doc03,1,0.6666666666666666,1.0,0,"[{""doc"": ""doc10"", ""score"": 0.653419, ""detail"": ""科研平台：认知计算全国重点实验室依托人工智能学院建设；岭南超算中心由云山大学与省科技厅共建，计算机学院参与运行管理。"", ""evidence"": true}, {""doc"": ""doc05"", ""score"": 0.521833, ""detail"": ""计算机学院教师：周天宇，教授，研究方向为分布式系统；林小雨，副教授，研究方向为数据库系统。"", ""evidence"": false}, {""doc"": ""doc15"", ""score"": 0.515665, ""detail"": ""国际交流：学校与 12 个国家的 47 所高校签有交换协议；人工智能学院与新加坡南洋理工大学有本科联合培养项目。"", ""evidence"": false}, {""doc"": ""doc01"", ""score"": 0.493833, ""detail"": ""云山大学位于岭南省云州市，建于 1958 年，是省属重点大学，现有全日制本科生约 2.1 万人。校训为「格物致知」。"", ""evidence"": false}, {""doc"": ""doc03"", ""score"": 0.483544, ""detail"": ""计算机学院前身为 1985 年成立的计算机系，现任院长陈国峰教授，设计算机科学与技术、软件工程两个本科专业。"", ""evidence"": true}]"
Vector RAG,na,5,builtin15,Q12,global,学校的学生奖励体系包含哪些项目？,doc09,doc15;doc09;doc06;doc11;doc08,2,1.0,0.5,1,"[{""doc"": ""doc15"", ""score"": 0.465685, ""detail"": ""国际交流：学校与 12 个国家的 47 所高校签有交换协议；人工智能学院与新加坡南洋理工大学有本科联合培养项目。"", ""evidence"": false}, {""doc"": ""doc09"", ""score"": 0.461102, ""detail"": ""奖学金体系：国家奖学金 8000 元/年，评定比例约 2%；校长奖学金 20000 元/年，全校每年 10 人；云山一等奖学金 3000 元/年，比例约 5%。"", ""evidence"": true}, {""doc"": ""doc06"", ""score"": 0.443418, ""detail"": ""《大模型通识课》课程代码 AI2101，3 学分、32 学时，春季学期开设，授课教师李文瀚，面向全校本科生，无先修课程要求。"", ""evidence"": false}, {""doc"": ""doc11"", ""score"": 0.430786, ""detail"": ""学生社团：AI 协会，指导教师李文瀚，每周三晚组织论文研读；机器人战队，指导教师孙浩然，每年参加全国机器人大赛。"", ""evidence"": false}, {""doc"": ""doc08"", ""score"": 0.401565, ""detail"": ""选课规则：本科生每学期最多修 30 学分；GPA 低于 2.0 给予学术警告。先修要求：《知识图谱导论》需先修《数据结构》，《大模型通识课》无先修要求。"", ""evidence"": false}]"
Vector RAG,na,5,builtin15,Q13,global,人工智能学院有哪些教师？各自做什么研究方向？,doc04,doc04;doc07;doc02;doc10;doc11,1,1.0,1.0,1,"[{""doc"": ""doc04"", ""score"": 0.810867, ""detail"": ""人工智能学院教师：李文瀚，教授，2019 年入职，研究方向为检索增强生成，主讲《大模型通识课》；赵婉晴，副教授，研究方向为知识图谱，主讲《知识图谱导论》；孙浩然，讲师，研究方向为强化学习。"", ""evidence"": true}, {""doc"": ""doc07"", ""score"": 0.706904, ""detail"": ""《知识图谱导论》课程代码 AI3305，2 学分，秋季学期开设，授课教师赵婉晴，面向人工智能学院研究生。"", ""evidence"": false}, {""doc"": ""doc02"", ""score"": 0.706727, ""detail"": ""人工智能学院成立于 2018 年，首任及现任院长为王启明教授。学院下设机器学习系、智能科学系、认知计算系三个系。"", ""evidence"": false}, {""doc"": ""doc10"", ""score"": 0.676274, ""detail"": ""科研平台：认知计算全国重点实验室依托人工智能学院建设；岭南超算中心由云山大学与省科技厅共建，计算机学院参与运行管理。"", ""evidence"": false}, {""doc"": ""doc11"", ""score"": 0.668337, ""detail"": ""学生社团：AI 协会，指导教师李文瀚，每周三晚组织论文研读；机器人战队，指导教师孙浩然，每年参加全国机器人大赛。"", ""evidence"": false}]"
Vector RAG,na,5,builtin15,Q14,global,本科生选课有哪些限制和先修要求？,doc08,doc08;doc06;doc05;doc15;doc07,1,1.0,1.0,1,"[{""doc"": ""doc08"", ""score"": 0.680267, ""detail"": ""选课规则：本科生每学期最多修 30 学分；GPA 低于 2.0 给予学术警告。先修要求：《知识图谱导论》需先修《数据结构》，《大模型通识课》无先修要求。"", ""evidence"": true}, {""doc"": ""doc06"", ""score"": 0.592484, ""detail"": ""《大模型通识课》课程代码 AI2101，3 学分、32 学时，春季学期开设，授课教师李文瀚，面向全校本科生，无先修课程要求。"", ""evidence"": false}, {""doc"": ""doc05"", ""score"": 0.449296, ""detail"": ""计算机学院教师：周天宇，教授，研究方向为分布式系统；林小雨，副教授，研究方向为数据库系统。"", ""evidence"": false}, {""doc"": ""doc15"", ""score"": 0.426331, ""detail"": ""国际交流：学校与 12 个国家的 47 所高校签有交换协议；人工智能学院与新加坡南洋理工大学有本科联合培养项目。"", ""evidence"": false}, {""doc"": ""doc07"", ""score"": 0.407914, ""detail"": ""《知识图谱导论》课程代码 AI3305，2 学分，秋季学期开设，授课教师赵婉晴，面向人工智能学院研究生。"", ""evidence"": false}]"
Vector RAG,na,5,builtin15,Q15,global,对想深入学习大模型的学生，学校提供哪些课程和课外活动？,doc06;doc11,doc06;doc04;doc08;doc07;doc11,1,1.0,1.0,1,"[{""doc"": ""doc06"", ""score"": 0.697189, ""detail"": ""《大模型通识课》课程代码 AI2101，3 学分、32 学时，春季学期开设，授课教师李文瀚，面向全校本科生，无先修课程要求。"", ""evidence"": true}, {""doc"": ""doc04"", ""score"": 0.556546, ""detail"": ""人工智能学院教师：李文瀚，教授，2019 年入职，研究方向为检索增强生成，主讲《大模型通识课》；赵婉晴，副教授，研究方向为知识图谱，主讲《知识图谱导论》；孙浩然，讲师，研究方向为强化学习。"", ""evidence"": false}, {""doc"": ""doc08"", ""score"": 0.554039, ""detail"": ""选课规则：本科生每学期最多修 30 学分；GPA 低于 2.0 给予学术警告。先修要求：《知识图谱导论》需先修《数据结构》，《大模型通识课》无先修要求。"", ""evidence"": false}, {""doc"": ""doc07"", ""score"": 0.52306, ""detail"": ""《知识图谱导论》课程代码 AI3305，2 学分，秋季学期开设，授课教师赵婉晴，面向人工智能学院研究生。"", ""evidence"": false}, {""doc"": ""doc11"", ""score"": 0.512036, ""detail"": ""学生社团：AI 协会，指导教师李文瀚，每周三晚组织论文研读；机器人战队，指导教师孙浩然，每年参加全国机器人大赛。"", ""evidence"": true}]"
GraphRAG,local,5,builtin15,Q01,multi,《大模型通识课》授课教师所在学院的行政负责人是谁？,doc04;doc06;doc02,doc06;doc11;doc02;doc04;doc10,1,1.0,1.0,1,"[{""doc"": ""doc06"", ""score"": 0.686135, ""detail"": ""李文瀚—主讲→大模型通识课"", ""evidence"": true}, {""doc"": ""doc11"", ""score"": 0.684209, ""detail"": ""AI 协会—指导教师→李文瀚"", ""evidence"": false}, {""doc"": ""doc02"", ""score"": 0.670591, ""detail"": ""人工智能学院—院长→王启明"", ""evidence"": true}, {""doc"": ""doc04"", ""score"": 0.589695, ""detail"": ""李文瀚—职称→教授"", ""evidence"": true}, {""doc"": ""doc10"", ""score"": 0.515241, ""detail"": ""认知计算全国重点实验室—依托→人工智能学院"", ""evidence"": false}]"
GraphRAG,local,5,builtin15,Q02,multi,AI 协会的指导教师主讲课程的课程代码是什么？,doc11;doc04;doc06,doc11;doc06;doc02;doc04;doc10,1,1.0,1.0,1,"[{""doc"": ""doc11"", ""score"": 0.819371, ""detail"": ""AI 协会—指导教师→李文瀚"", ""evidence"": true}, {""doc"": ""doc06"", ""score"": 0.77184, ""detail"": ""大模型通识课—课程代码→AI2101"", ""evidence"": true}, {""doc"": ""doc02"", ""score"": 0.728357, ""detail"": ""人工智能学院—下设系→机器学习系"", ""evidence"": false}, {""doc"": ""doc04"", ""score"": 0.611468, ""detail"": ""孙浩然—任职于→人工智能学院"", ""evidence"": true}, {""doc"": ""doc10"", ""score"": 0.545948, ""detail"": ""认知计算全国重点实验室—依托→人工智能学院"", ""evidence"": false}]"
GraphRAG,local,5,builtin15,Q03,multi,认知计算全国重点实验室依托的学院成立于哪一年？,doc10;doc02,doc10;doc02;doc04;doc11;doc06,1,1.0,1.0,1,"[{""doc"": ""doc10"", ""score"": 0.738468, ""detail"": ""认知计算全国重点实验室—依托→人工智能学院"", ""evidence"": true}, {""doc"": ""doc02"", ""score"": 0.620956, ""detail"": ""人工智能学院—成立于→2018 年"", ""evidence"": true}, {""doc"": ""doc04"", ""score"": 0.562667, ""detail"": ""李文瀚—任职于→人工智能学院"", ""evidence"": false}, {""doc"": ""doc11"", ""score"": 0.411798, ""detail"": ""AI 协会—指导教师→李文瀚"", ""evidence"": false}, {""doc"": ""doc06"", ""score"": 0.355813, ""detail"": ""李文瀚—主讲→大模型通识课"", ""evidence"": false}]"
GraphRAG,local,5,builtin15,Q04,multi,《知识图谱导论》授课教师的研究方向是什么？,doc07;doc04,doc08;doc07;doc04;doc02;doc10,2,1.0,0.5,1,"[{""doc"": ""doc08"", ""score"": 0.824635, ""detail"": ""知识图谱导论—先修课程→数据结构"", ""evidence"": false}, {""doc"": ""doc07"", ""score"": 0.763877, ""detail"": ""知识图谱导论—课程代码→AI3305"", ""evidence"": true}, {""doc"": ""doc04"", ""score"": 0.628179, ""detail"": ""赵婉晴—研究方向→知识图谱"", ""evidence"": true}, {""doc"": ""doc02"", ""score"": 0.510353, ""detail"": ""人工智能学院—下设系→机器学习系"", ""evidence"": false}, {""doc"": ""doc10"", ""score"": 0.490823, ""detail"": ""认知计算全国重点实验室—依托→人工智能学院"", ""evidence"": false}]"
GraphRAG,local,5,builtin15,Q05,multi,机器人战队的指导教师的研究方向是什么？,doc11;doc04,doc11;doc02;doc04;doc10,1,1.0,1.0,1,"[{""doc"": ""doc11"", ""score"": 0.907992, ""detail"": ""机器人战队—指导教师→孙浩然"", ""evidence"": true}, {""doc"": ""doc02"", ""score"": 0.636048, ""detail"": ""人工智能学院—下设系→机器学习系"", ""evidence"": false}, {""doc"": ""doc04"", ""score"": 0.601106, ""detail"": ""孙浩然—任职于→人工智能学院"", ""evidence"": true}, {""doc"": ""doc10"", ""score"": 0.510457, ""detail"": ""认知计算全国重点实验室—依托→人工智能学院"", ""evidence"": false}]"
GraphRAG,local,5,builtin15,Q06,fact,云山大学的校训是什么？,doc01,doc01,1,1.0,1.0,1,"[{""doc"": ""doc01"", ""score"": 0.896995, ""detail"": ""云山大学—校训→格物致知"", ""evidence"": true}]"
GraphRAG,local,5,builtin15,Q07,fact,国家奖学金的金额是多少？,doc09,doc09,1,1.0,1.0,1,"[{""doc"": ""doc09"", ""score"": 0.88758, ""detail"": ""国家奖学金—金额→8000 元/年"", ""evidence"": true}]"
GraphRAG,local,5,builtin15,Q08,fact,图书馆每天几点到几点开放？,doc13,doc13,1,1.0,1.0,1,"[{""doc"": ""doc13"", ""score"": 0.476171, ""detail"": ""图书馆—藏书量→380 万册"", ""evidence"": true}]"
GraphRAG,local,5,builtin15,Q09,fact,人工智能学院成立于哪一年？,doc02,doc02;doc04;doc11;doc10;doc07,1,1.0,1.0,1,"[{""doc"": ""doc02"", ""score"": 0.836243, ""detail"": ""人工智能学院—成立于→2018 年"", ""evidence"": true}, {""doc"": ""doc04"", ""score"": 0.667059, ""detail"": ""孙浩然—任职于→人工智能学院"", ""evidence"": false}, {""doc"": ""doc11"", ""score"": 0.65166, ""detail"": ""AI 协会—指导教师→李文瀚"", ""evidence"": false}, {""doc"": ""doc10"", ""score"": 0.580171, ""detail"": ""认知计算全国重点实验室—依托→人工智能学院"", ""evidence"": false}, {""doc"": ""doc07"", ""score"": 0.420426, ""detail"": ""知识图谱导论—课程代码→AI3305"", ""evidence"": false}]"
GraphRAG,local,5,builtin15,Q10,fact,春季学期什么时候开学？,doc12,doc12;doc06;doc04;doc11,1,1.0,1.0,1,"[{""doc"": ""doc12"", ""score"": 0.91306, ""detail"": ""春季学期—开学日期→3 月 2 日"", ""evidence"": true}, {""doc"": ""doc06"", ""score"": 0.658644, ""detail"": ""大模型通识课—开设学期→春季学期"", ""evidence"": false}, {""doc"": ""doc04"", ""score"": 0.394273, ""detail"": ""李文瀚—入职年份→2019 年"", ""evidence"": false}, {""doc"": ""doc11"", ""score"": 0.212357, ""detail"": ""AI 协会—指导教师→李文瀚"", ""evidence"": false}]"
GraphRAG,local,5,builtin15,Q11,global,云山大学有哪些科研平台？分别依托谁建设？,doc10;doc02;doc03,doc01,0,0.0,0.0,0,"[{""doc"": ""doc01"", ""score"": 0.703714, ""detail"": ""云山大学—校训→格物致知"", ""evidence"": false}]"
GraphRAG,local,5,builtin15,Q12,global,学校的学生奖励体系包含哪些项目？,doc09,doc09;doc11;doc13;doc02;doc04,1,1.0,1.0,1,"[{""doc"": ""doc09"", ""score"": 0.479209, ""detail"": ""社区 C3 学生生活：奖学金分国家（8000 元）、校长（20000 元）、云山一等（3000 元）三级；社团有 AI 协会与机器人战队，图书馆藏书 380 万册、7:00-22:00 开放。"", ""evidence"": true}, {""doc"": ""doc11"", ""score"": 0.479209, ""detail"": ""社区 C3 学生生活：奖学金分国家（8000 元）、校长（20000 元）、云山一等（3000 元）三级；社团有 AI 协会与机器人战队，图书馆藏书 380 万册、7:00-22:00 开放。"", ""evidence"": false}, {""doc"": ""doc13"", ""score"": 0.479209, ""detail"": ""社区 C3 学生生活：奖学金分国家（8000 元）、校长（20000 元）、云山一等（3000 元）三级；社团有 AI 协会与机器人战队，图书馆藏书 380 万册、7:00-22:00 开放。"", ""evidence"": false}, {""doc"": ""doc02"", ""score"": 0.363915, ""detail"": ""社区 C1 教学与课程：人工智能学院设三个系，开设《大模型通识课》（AI2101，李文瀚主讲）与《知识图谱导论》（AI3305，赵婉晴主讲），AI3305 需先修《数据结构》。"", ""evidence"": false}, {""doc"": ""doc04"", ""score"": 0.363915, ""detail"": ""社区 C1 教学与课程：人工智能学院设三个系，开设《大模型通识课》（AI2101，李文瀚主讲）与《知识图谱导论》（AI3305，赵婉晴主讲），AI3305 需先修《数据结构》。"", ""evidence"": false}]"
GraphRAG,local,5,builtin15,Q13,global,人工智能学院有哪些教师？各自做什么研究方向？,doc04,doc11;doc02;doc04;doc10;doc06,3,1.0,0.3333333333333333,1,"[{""doc"": ""doc11"", ""score"": 0.839301, ""detail"": ""AI 协会—指导教师→李文瀚"", ""evidence"": false}, {""doc"": ""doc02"", ""score"": 0.799742, ""detail"": ""人工智能学院—下设系→智能科学系"", ""evidence"": false}, {""doc"": ""doc04"", ""score"": 0.730732, ""detail"": ""孙浩然—任职于→人工智能学院"", ""evidence"": true}, {""doc"": ""doc10"", ""score"": 0.665375, ""detail"": ""认知计算全国重点实验室—依托→人工智能学院"", ""evidence"": false}, {""doc"": ""doc06"", ""score"": 0.556072, ""detail"": ""大模型通识课—课程代码→AI2101"", ""evidence"": false}]"
GraphRAG,local,5,builtin15,Q14,global,本科生选课有哪些限制和先修要求？,doc08,doc02;doc04;doc06;doc07;doc08,5,1.0,0.2,1,"[{""doc"": ""doc02"", ""score"": 0.350276, ""detail"": ""社区 C1 教学与课程：人工智能学院设三个系，开设《大模型通识课》（AI2101，李文瀚主讲）与《知识图谱导论》（AI3305，赵婉晴主讲），AI3305 需先修《数据结构》。"", ""evidence"": false}, {""doc"": ""doc04"", ""score"": 0.350276, ""detail"": ""社区 C1 教学与课程：人工智能学院设三个系，开设《大模型通识课》（AI2101，李文瀚主讲）与《知识图谱导论》（AI3305，赵婉晴主讲），AI3305 需先修《数据结构》。"", ""evidence"": false}, {""doc"": ""doc06"", ""score"": 0.350276, ""detail"": ""社区 C1 教学与课程：人工智能学院设三个系，开设《大模型通识课》（AI2101，李文瀚主讲）与《知识图谱导论》（AI3305，赵婉晴主讲），AI3305 需先修《数据结构》。"", ""evidence"": false}, {""doc"": ""doc07"", ""score"": 0.350276, ""detail"": ""社区 C1 教学与课程：人工智能学院设三个系，开设《大模型通识课》（AI2101，李文瀚主讲）与《知识图谱导论》（AI3305，赵婉晴主讲），AI3305 需先修《数据结构》。"", ""evidence"": false}, {""doc"": ""doc08"", ""score"": 0.350276, ""detail"": ""社区 C1 教学与课程：人工智能学院设三个系，开设《大模型通识课》（AI2101，李文瀚主讲）与《知识图谱导论》（AI3305，赵婉晴主讲），AI3305 需先修《数据结构》。"", ""evidence"": true}]"
GraphRAG,local,5,builtin15,Q15,global,对想深入学习大模型的学生，学校提供哪些课程和课外活动？,doc06;doc11,doc02;doc04;doc06;doc07;doc08,3,0.5,0.3333333333333333,0,"[{""doc"": ""doc02"", ""score"": 0.52265, ""detail"": ""社区 C1 教学与课程：人工智能学院设三个系，开设《大模型通识课》（AI2101，李文瀚主讲）与《知识图谱导论》（AI3305，赵婉晴主讲），AI3305 需先修《数据结构》。"", ""evidence"": false}, {""doc"": ""doc04"", ""score"": 0.52265, ""detail"": ""社区 C1 教学与课程：人工智能学院设三个系，开设《大模型通识课》（AI2101，李文瀚主讲）与《知识图谱导论》（AI3305，赵婉晴主讲），AI3305 需先修《数据结构》。"", ""evidence"": false}, {""doc"": ""doc06"", ""score"": 0.52265, ""detail"": ""社区 C1 教学与课程：人工智能学院设三个系，开设《大模型通识课》（AI2101，李文瀚主讲）与《知识图谱导论》（AI3305，赵婉晴主讲），AI3305 需先修《数据结构》。"", ""evidence"": true}, {""doc"": ""doc07"", ""score"": 0.52265, ""detail"": ""社区 C1 教学与课程：人工智能学院设三个系，开设《大模型通识课》（AI2101，李文瀚主讲）与《知识图谱导论》（AI3305，赵婉晴主讲），AI3305 需先修《数据结构》。"", ""evidence"": false}, {""doc"": ""doc08"", ""score"": 0.52265, ""detail"": ""社区 C1 教学与课程：人工智能学院设三个系，开设《大模型通识课》（AI2101，李文瀚主讲）与《知识图谱导论》（AI3305，赵婉晴主讲），AI3305 需先修《数据结构》。"", ""evidence"": false}]"
WikiRAG,na,5,builtin15,Q01,multi,《大模型通识课》授课教师所在学院的行政负责人是谁？,doc04;doc06;doc02,doc04;doc11;doc06;doc02;doc10,1,1.0,1.0,1,"[{""doc"": ""doc04"", ""score"": 0.671299, ""detail"": ""人工智能学院教师"", ""evidence"": true}, {""doc"": ""doc11"", ""score"": 0.671299, ""detail"": ""人工智能学院教师"", ""evidence"": false}, {""doc"": ""doc06"", ""score"": 0.629428, ""detail"": ""大模型通识课"", ""evidence"": true}, {""doc"": ""doc02"", ""score"": 0.551847, ""detail"": ""人工智能学院"", ""evidence"": true}, {""doc"": ""doc10"", ""score"": 0.551847, ""detail"": ""人工智能学院"", ""evidence"": false}]"
WikiRAG,na,5,builtin15,Q02,multi,AI 协会的指导教师主讲课程的课程代码是什么？,doc11;doc04;doc06,doc07;doc08;doc04;doc11;doc06,3,1.0,0.3333333333333333,1,"[{""doc"": ""doc07"", ""score"": 0.678776, ""detail"": ""知识图谱导论"", ""evidence"": false}, {""doc"": ""doc08"", ""score"": 0.678776, ""detail"": ""知识图谱导论"", ""evidence"": false}, {""doc"": ""doc04"", ""score"": 0.669253, ""detail"": ""人工智能学院教师"", ""evidence"": true}, {""doc"": ""doc11"", ""score"": 0.669253, ""detail"": ""人工智能学院教师"", ""evidence"": true}, {""doc"": ""doc06"", ""score"": 0.65566, ""detail"": ""大模型通识课"", ""evidence"": true}]"
WikiRAG,na,5,builtin15,Q03,multi,认知计算全国重点实验室依托的学院成立于哪一年？,doc10;doc02,doc02;doc10;doc15;doc03;doc01,1,1.0,1.0,1,"[{""doc"": ""doc02"", ""score"": 0.695022, ""detail"": ""人工智能学院"", ""evidence"": true}, {""doc"": ""doc10"", ""score"": 0.695022, ""detail"": ""人工智能学院"", ""evidence"": true}, {""doc"": ""doc15"", ""score"": 0.695022, ""detail"": ""人工智能学院"", ""evidence"": false}, {""doc"": ""doc03"", ""score"": 0.551452, ""detail"": ""计算机学院"", ""evidence"": false}, {""doc"": ""doc01"", ""score"": 0.546112, ""detail"": ""云山大学"", ""evidence"": false}]"
WikiRAG,na,5,builtin15,Q04,multi,《知识图谱导论》授课教师的研究方向是什么？,doc07;doc04,doc07;doc08;doc04;doc11;doc06,1,1.0,1.0,1,"[{""doc"": ""doc07"", ""score"": 0.713618, ""detail"": ""知识图谱导论"", ""evidence"": true}, {""doc"": ""doc08"", ""score"": 0.713618, ""detail"": ""知识图谱导论"", ""evidence"": false}, {""doc"": ""doc04"", ""score"": 0.638019, ""detail"": ""人工智能学院教师"", ""evidence"": true}, {""doc"": ""doc11"", ""score"": 0.638019, ""detail"": ""人工智能学院教师"", ""evidence"": false}, {""doc"": ""doc06"", ""score"": 0.568744, ""detail"": ""大模型通识课"", ""evidence"": false}]"
WikiRAG,na,5,builtin15,Q05,multi,机器人战队的指导教师的研究方向是什么？,doc11;doc04,doc04;doc11;doc13;doc02;doc10,1,1.0,1.0,1,"[{""doc"": ""doc04"", ""score"": 0.715674, ""detail"": ""人工智能学院教师"", ""evidence"": true}, {""doc"": ""doc11"", ""score"": 0.715674, ""detail"": ""人工智能学院教师"", ""evidence"": true}, {""doc"": ""doc13"", ""score"": 0.709931, ""detail"": ""学生社团与校园生活"", ""evidence"": false}, {""doc"": ""doc02"", ""score"": 0.508994, ""detail"": ""人工智能学院"", ""evidence"": false}, {""doc"": ""doc10"", ""score"": 0.508994, ""detail"": ""人工智能学院"", ""evidence"": false}]"
WikiRAG,na,5,builtin15,Q06,fact,云山大学的校训是什么？,doc01,doc01;doc12;doc14;doc03;doc10,1,1.0,1.0,1,"[{""doc"": ""doc01"", ""score"": 0.679908, ""detail"": ""云山大学"", ""evidence"": true}, {""doc"": ""doc12"", ""score"": 0.679908, ""detail"": ""云山大学"", ""evidence"": false}, {""doc"": ""doc14"", ""score"": 0.679908, ""detail"": ""云山大学"", ""evidence"": false}, {""doc"": ""doc03"", ""score"": 0.523809, ""detail"": ""计算机学院"", ""evidence"": false}, {""doc"": ""doc10"", ""score"": 0.523809, ""detail"": ""计算机学院"", ""evidence"": false}]"
WikiRAG,na,5,builtin15,Q07,fact,国家奖学金的金额是多少？,doc09,doc09;doc01;doc12;doc14;doc11,1,1.0,1.0,1,"[{""doc"": ""doc09"", ""score"": 0.866399, ""detail"": ""奖学金体系"", ""evidence"": true}, {""doc"": ""doc01"", ""score"": 0.334856, ""detail"": ""云山大学"", ""evidence"": false}, {""doc"": ""doc12"", ""score"": 0.334856, ""detail"": ""云山大学"", ""evidence"": false}, {""doc"": ""doc14"", ""score"": 0.334856, ""detail"": ""云山大学"", ""evidence"": false}, {""doc"": ""doc11"", ""score"": 0.257427, ""detail"": ""学生社团与校园生活"", ""evidence"": false}]"
WikiRAG,na,5,builtin15,Q08,fact,图书馆每天几点到几点开放？,doc13,doc11;doc13;doc01;doc12;doc14,2,1.0,0.5,1,"[{""doc"": ""doc11"", ""score"": 0.414517, ""detail"": ""学生社团与校园生活"", ""evidence"": false}, {""doc"": ""doc13"", ""score"": 0.414517, ""detail"": ""学生社团与校园生活"", ""evidence"": true}, {""doc"": ""doc01"", ""score"": 0.358064, ""detail"": ""云山大学"", ""evidence"": false}, {""doc"": ""doc12"", ""score"": 0.358064, ""detail"": ""云山大学"", ""evidence"": false}, {""doc"": ""doc14"", ""score"": 0.358064, ""detail"": ""云山大学"", ""evidence"": false}]"
WikiRAG,na,5,builtin15,Q09,fact,人工智能学院成立于哪一年？,doc02,doc02;doc10;doc15;doc11;doc13,1,1.0,1.0,1,"[{""doc"": ""doc02"", ""score"": 0.716072, ""detail"": ""人工智能学院"", ""evidence"": true}, {""doc"": ""doc10"", ""score"": 0.716072, ""detail"": ""人工智能学院"", ""evidence"": false}, {""doc"": ""doc15"", ""score"": 0.716072, ""detail"": ""人工智能学院"", ""evidence"": false}, {""doc"": ""doc11"", ""score"": 0.566852, ""detail"": ""学生社团与校园生活"", ""evidence"": false}, {""doc"": ""doc13"", ""score"": 0.566852, ""detail"": ""学生社团与校园生活"", ""evidence"": false}]"
WikiRAG,na,5,builtin15,Q10,fact,春季学期什么时候开学？,doc12,doc06;doc01;doc12;doc14;doc11,3,1.0,0.3333333333333333,1,"[{""doc"": ""doc06"", ""score"": 0.556659, ""detail"": ""大模型通识课"", ""evidence"": false}, {""doc"": ""doc01"", ""score"": 0.461686, ""detail"": ""云山大学"", ""evidence"": false}, {""doc"": ""doc12"", ""score"": 0.461686, ""detail"": ""云山大学"", ""evidence"": true}, {""doc"": ""doc14"", ""score"": 0.461686, ""detail"": ""云山大学"", ""evidence"": false}, {""doc"": ""doc11"", ""score"": 0.279104, ""detail"": ""学生社团与校园生活"", ""evidence"": false}]"
WikiRAG,na,5,builtin15,Q11,global,云山大学有哪些科研平台？分别依托谁建设？,doc10;doc02;doc03,doc05;doc01;doc12;doc14;doc03,5,0.3333333333333333,0.2,0,"[{""doc"": ""doc05"", ""score"": 0.532092, ""detail"": ""计算机学院教师"", ""evidence"": false}, {""doc"": ""doc01"", ""score"": 0.522617, ""detail"": ""云山大学"", ""evidence"": false}, {""doc"": ""doc12"", ""score"": 0.522617, ""detail"": ""云山大学"", ""evidence"": false}, {""doc"": ""doc14"", ""score"": 0.522617, ""detail"": ""云山大学"", ""evidence"": false}, {""doc"": ""doc03"", ""score"": 0.521591, ""detail"": ""计算机学院"", ""evidence"": true}]"
WikiRAG,na,5,builtin15,Q12,global,学校的学生奖励体系包含哪些项目？,doc09,doc09;doc06;doc05,1,1.0,1.0,1,"[{""doc"": ""doc09"", ""score"": 0.447702, ""detail"": ""奖学金体系"", ""evidence"": true}, {""doc"": ""doc06"", ""score"": 0.416726, ""detail"": ""大模型通识课"", ""evidence"": false}, {""doc"": ""doc05"", ""score"": 0.356706, ""detail"": ""计算机学院教师"", ""evidence"": false}]"
WikiRAG,na,5,builtin15,Q13,global,人工智能学院有哪些教师？各自做什么研究方向？,doc04,doc04;doc11;doc02;doc10;doc15,1,1.0,1.0,1,"[{""doc"": ""doc04"", ""score"": 0.718147, ""detail"": ""人工智能学院教师"", ""evidence"": true}, {""doc"": ""doc11"", ""score"": 0.718147, ""detail"": ""人工智能学院教师"", ""evidence"": false}, {""doc"": ""doc02"", ""score"": 0.708834, ""detail"": ""人工智能学院"", ""evidence"": false}, {""doc"": ""doc10"", ""score"": 0.708834, ""detail"": ""人工智能学院"", ""evidence"": false}, {""doc"": ""doc15"", ""score"": 0.708834, ""detail"": ""人工智能学院"", ""evidence"": false}]"
WikiRAG,na,5,builtin15,Q14,global,本科生选课有哪些限制和先修要求？,doc08,doc06;doc05;doc04;doc11,0,0.0,0.0,0,"[{""doc"": ""doc06"", ""score"": 0.576648, ""detail"": ""大模型通识课"", ""evidence"": false}, {""doc"": ""doc05"", ""score"": 0.385623, ""detail"": ""计算机学院教师"", ""evidence"": false}, {""doc"": ""doc04"", ""score"": 0.360437, ""detail"": ""人工智能学院教师"", ""evidence"": false}, {""doc"": ""doc11"", ""score"": 0.360437, ""detail"": ""人工智能学院教师"", ""evidence"": false}]"
WikiRAG,na,5,builtin15,Q15,global,对想深入学习大模型的学生，学校提供哪些课程和课外活动？,doc06;doc11,doc06;doc04;doc11;doc07;doc08,1,1.0,1.0,1,"[{""doc"": ""doc06"", ""score"": 0.713873, ""detail"": ""大模型通识课"", ""evidence"": true}, {""doc"": ""doc04"", ""score"": 0.513617, ""detail"": ""人工智能学院教师"", ""evidence"": false}, {""doc"": ""doc11"", ""score"": 0.513617, ""detail"": ""人工智能学院教师"", ""evidence"": true}, {""doc"": ""doc07"", ""score"": 0.461277, ""detail"": ""知识图谱导论"", ""evidence"": false}, {""doc"": ""doc08"", ""score"": 0.461277, ""detail"": ""知识图谱导论"", ""evidence"": false}]"
Hybrid RAG,na,5,builtin15,Q01,multi,《大模型通识课》授课教师所在学院的行政负责人是谁？,doc04;doc06;doc02,doc04;doc06;doc05;doc07;doc08,1,0.6666666666666666,1.0,0,"[{""doc"": ""doc04"", ""score"": 0.032522, ""detail"": ""vector=1, lexical=2"", ""evidence"": true}, {""doc"": ""doc06"", ""score"": 0.032522, ""detail"": ""vector=2, lexical=1"", ""evidence"": true}, {""doc"": ""doc05"", ""score"": 0.031258, ""detail"": ""vector=3, lexical=5"", ""evidence"": false}, {""doc"": ""doc07"", ""score"": 0.03101, ""detail"": ""vector=5, lexical=4"", ""evidence"": false}, {""doc"": ""doc08"", ""score"": 0.030579, ""detail"": ""vector=8, lexical=3"", ""evidence"": false}]"
Hybrid RAG,na,5,builtin15,Q02,multi,AI 协会的指导教师主讲课程的课程代码是什么？,doc11;doc04;doc06,doc07;doc11;doc06;doc04;doc02,2,1.0,0.5,1,"[{""doc"": ""doc07"", ""score"": 0.032522, ""detail"": ""vector=1, lexical=2"", ""evidence"": false}, {""doc"": ""doc11"", ""score"": 0.032018, ""detail"": ""vector=4, lexical=1"", ""evidence"": true}, {""doc"": ""doc06"", ""score"": 0.032002, ""detail"": ""vector=2, lexical=3"", ""evidence"": true}, {""doc"": ""doc04"", ""score"": 0.031498, ""detail"": ""vector=3, lexical=4"", ""evidence"": true}, {""doc"": ""doc02"", ""score"": 0.030077, ""detail"": ""vector=6, lexical=7"", ""evidence"": false}]"
Hybrid RAG,na,5,builtin15,Q03,multi,认知计算全国重点实验室依托的学院成立于哪一年？,doc10;doc02,doc10;doc02;doc03;doc01;doc11,1,1.0,1.0,1,"[{""doc"": ""doc10"", ""score"": 0.032787, ""detail"": ""vector=1, lexical=1"", ""evidence"": true}, {""doc"": ""doc02"", ""score"": 0.032258, ""detail"": ""vector=2, lexical=2"", ""evidence"": true}, {""doc"": ""doc03"", ""score"": 0.031258, ""detail"": ""vector=5, lexical=3"", ""evidence"": false}, {""doc"": ""doc01"", ""score"": 0.030579, ""detail"": ""vector=3, lexical=8"", ""evidence"": false}, {""doc"": ""doc11"", ""score"": 0.03031, ""detail"": ""vector=7, lexical=5"", ""evidence"": false}]"
Hybrid RAG,na,5,builtin15,Q04,multi,《知识图谱导论》授课教师的研究方向是什么？,doc07;doc04,doc04;doc07;doc06;doc08;doc05,1,1.0,1.0,1,"[{""doc"": ""doc04"", ""score"": 0.032522, ""detail"": ""vector=1, lexical=2"", ""evidence"": true}, {""doc"": ""doc07"", ""score"": 0.032522, ""detail"": ""vector=2, lexical=1"", ""evidence"": true}, {""doc"": ""doc06"", ""score"": 0.031258, ""detail"": ""vector=3, lexical=5"", ""evidence"": false}, {""doc"": ""doc08"", ""score"": 0.031258, ""detail"": ""vector=5, lexical=3"", ""evidence"": false}, {""doc"": ""doc05"", ""score"": 0.03125, ""detail"": ""vector=4, lexical=4"", ""evidence"": false}]"
Hybrid RAG,na,5,builtin15,Q05,multi,机器人战队的指导教师的研究方向是什么？,doc11;doc04,doc11;doc04;doc05;doc02;doc07,1,1.0,1.0,1,"[{""doc"": ""doc11"", ""score"": 0.032787, ""detail"": ""vector=1, lexical=1"", ""evidence"": true}, {""doc"": ""doc04"", ""score"": 0.032002, ""detail"": ""vector=2, lexical=3"", ""evidence"": true}, {""doc"": ""doc05"", ""score"": 0.031514, ""detail"": ""vector=5, lexical=2"", ""evidence"": false}, {""doc"": ""doc02"", ""score"": 0.031258, ""detail"": ""vector=3, lexical=5"", ""evidence"": false}, {""doc"": ""doc07"", ""score"": 0.03125, ""detail"": ""vector=4, lexical=4"", ""evidence"": false}]"
Hybrid RAG,na,5,builtin15,Q06,fact,云山大学的校训是什么？,doc01,doc01;doc15;doc10;doc06;doc04,1,1.0,1.0,1,"[{""doc"": ""doc01"", ""score"": 0.032787, ""detail"": ""vector=1, lexical=1"", ""evidence"": true}, {""doc"": ""doc15"", ""score"": 0.031754, ""detail"": ""vector=2, lexical=4"", ""evidence"": false}, {""doc"": ""doc10"", ""score"": 0.031054, ""detail"": ""vector=7, lexical=2"", ""evidence"": false}, {""doc"": ""doc06"", ""score"": 0.030366, ""detail"": ""vector=3, lexical=9"", ""evidence"": false}, {""doc"": ""doc04"", ""score"": 0.03031, ""detail"": ""vector=5, lexical=7"", ""evidence"": false}]"
Hybrid RAG,na,5,builtin15,Q07,fact,国家奖学金的金额是多少？,doc09,doc09;doc01;doc15;doc08;doc06,1,1.0,1.0,1,"[{""doc"": ""doc09"", ""score"": 0.032787, ""detail"": ""vector=1, lexical=1"", ""evidence"": true}, {""doc"": ""doc01"", ""score"": 0.032002, ""detail"": ""vector=2, lexical=3"", ""evidence"": false}, {""doc"": ""doc15"", ""score"": 0.032002, ""detail"": ""vector=3, lexical=2"", ""evidence"": false}, {""doc"": ""doc08"", ""score"": 0.029911, ""detail"": ""vector=4, lexical=10"", ""evidence"": false}, {""doc"": ""doc06"", ""score"": 0.029631, ""detail"": ""vector=7, lexical=8"", ""evidence"": false}]"
Hybrid RAG,na,5,builtin15,Q08,fact,图书馆每天几点到几点开放？,doc13,doc13;doc05;doc01;doc06;doc12,1,1.0,1.0,1,"[{""doc"": ""doc13"", ""score"": 0.032787, ""detail"": ""vector=1, lexical=1"", ""evidence"": true}, {""doc"": ""doc05"", ""score"": 0.031025, ""detail"": ""vector=3, lexical=6"", ""evidence"": false}, {""doc"": ""doc01"", ""score"": 0.030835, ""detail"": ""vector=8, lexical=2"", ""evidence"": false}, {""doc"": ""doc06"", ""score"": 0.03055, ""detail"": ""vector=4, lexical=7"", ""evidence"": false}, {""doc"": ""doc12"", ""score"": 0.029828, ""detail"": ""vector=2, lexical=13"", ""evidence"": false}]"
Hybrid RAG,na,5,builtin15,Q09,fact,人工智能学院成立于哪一年？,doc02,doc02;doc07;doc10;doc04;doc15,1,1.0,1.0,1,"[{""doc"": ""doc02"", ""score"": 0.032787, ""detail"": ""vector=1, lexical=1"", ""evidence"": true}, {""doc"": ""doc07"", ""score"": 0.032258, ""detail"": ""vector=2, lexical=2"", ""evidence"": false}, {""doc"": ""doc10"", ""score"": 0.031498, ""detail"": ""vector=3, lexical=4"", ""evidence"": false}, {""doc"": ""doc04"", ""score"": 0.03101, ""detail"": ""vector=4, lexical=5"", ""evidence"": false}, {""doc"": ""doc15"", ""score"": 0.030798, ""detail"": ""vector=7, lexical=3"", ""evidence"": false}]"
Hybrid RAG,na,5,builtin15,Q10,fact,春季学期什么时候开学？,doc12,doc12;doc06;doc07;doc08;doc01,1,1.0,1.0,1,"[{""doc"": ""doc12"", ""score"": 0.032787, ""detail"": ""vector=1, lexical=1"", ""evidence"": true}, {""doc"": ""doc06"", ""score"": 0.032258, ""detail"": ""vector=2, lexical=2"", ""evidence"": false}, {""doc"": ""doc07"", ""score"": 0.031746, ""detail"": ""vector=3, lexical=3"", ""evidence"": false}, {""doc"": ""doc08"", ""score"": 0.03125, ""detail"": ""vector=4, lexical=4"", ""evidence"": false}, {""doc"": ""doc01"", ""score"": 0.03031, ""detail"": ""vector=7, lexical=5"", ""evidence"": false}]"
Hybrid RAG,na,5,builtin15,Q11,global,云山大学有哪些科研平台？分别依托谁建设？,doc10;doc02;doc03,doc10;doc01;doc15;doc05;doc03,1,0.6666666666666666,1.0,0,"[{""doc"": ""doc10"", ""score"": 0.032787, ""detail"": ""vector=1, lexical=1"", ""evidence"": true}, {""doc"": ""doc01"", ""score"": 0.031754, ""detail"": ""vector=4, lexical=2"", ""evidence"": false}, {""doc"": ""doc15"", ""score"": 0.031746, ""detail"": ""vector=3, lexical=3"", ""evidence"": false}, {""doc"": ""doc05"", ""score"": 0.030835, ""detail"": ""vector=2, lexical=8"", ""evidence"": false}, {""doc"": ""doc03"", ""score"": 0.030536, ""detail"": ""vector=5, lexical=6"", ""evidence"": true}]"
Hybrid RAG,na,5,builtin15,Q12,global,学校的学生奖励体系包含哪些项目？,doc09,doc15;doc09;doc11;doc06;doc01,2,1.0,0.5,1,"[{""doc"": ""doc15"", ""score"": 0.032787, ""detail"": ""vector=1, lexical=1"", ""evidence"": false}, {""doc"": ""doc09"", ""score"": 0.032258, ""detail"": ""vector=2, lexical=2"", ""evidence"": true}, {""doc"": ""doc11"", ""score"": 0.031498, ""detail"": ""vector=4, lexical=3"", ""evidence"": false}, {""doc"": ""doc06"", ""score"": 0.030366, ""detail"": ""vector=3, lexical=9"", ""evidence"": false}, {""doc"": ""doc01"", ""score"": 0.030331, ""detail"": ""vector=8, lexical=4"", ""evidence"": false}]"
Hybrid RAG,na,5,builtin15,Q13,global,人工智能学院有哪些教师？各自做什么研究方向？,doc04,doc04;doc07;doc02;doc10;doc05,1,1.0,1.0,1,"[{""doc"": ""doc04"", ""score"": 0.032522, ""detail"": ""vector=1, lexical=2"", ""evidence"": true}, {""doc"": ""doc07"", ""score"": 0.032522, ""detail"": ""vector=2, lexical=1"", ""evidence"": false}, {""doc"": ""doc02"", ""score"": 0.031498, ""detail"": ""vector=3, lexical=4"", ""evidence"": false}, {""doc"": ""doc10"", ""score"": 0.030777, ""detail"": ""vector=4, lexical=6"", ""evidence"": false}, {""doc"": ""doc05"", ""score"": 0.030579, ""detail"": ""vector=8, lexical=3"", ""evidence"": false}]"
Hybrid RAG,na,5,builtin15,Q14,global,本科生选课有哪些限制和先修要求？,doc08,doc08;doc06;doc15;doc01;doc05,1,1.0,1.0,1,"[{""doc"": ""doc08"", ""score"": 0.032787, ""detail"": ""vector=1, lexical=1"", ""evidence"": true}, {""doc"": ""doc06"", ""score"": 0.032258, ""detail"": ""vector=2, lexical=2"", ""evidence"": false}, {""doc"": ""doc15"", ""score"": 0.03101, ""detail"": ""vector=4, lexical=5"", ""evidence"": false}, {""doc"": ""doc01"", ""score"": 0.030798, ""detail"": ""vector=7, lexical=3"", ""evidence"": false}, {""doc"": ""doc05"", ""score"": 0.030579, ""detail"": ""vector=3, lexical=8"", ""evidence"": false}]"
Hybrid RAG,na,5,builtin15,Q15,global,对想深入学习大模型的学生，学校提供哪些课程和课外活动？,doc06;doc11,doc06;doc04;doc08;doc07;doc11,1,1.0,1.0,1,"[{""doc"": ""doc06"", ""score"": 0.032787, ""detail"": ""vector=1, lexical=1"", ""evidence"": true}, {""doc"": ""doc04"", ""score"": 0.032258, ""detail"": ""vector=2, lexical=2"", ""evidence"": false}, {""doc"": ""doc08"", ""score"": 0.031498, ""detail"": ""vector=3, lexical=4"", ""evidence"": false}, {""doc"": ""doc07"", ""score"": 0.030777, ""detail"": ""vector=4, lexical=6"", ""evidence"": false}, {""doc"": ""doc11"", ""score"": 0.030769, ""detail"": ""vector=5, lexical=5"", ""evidence"": true}]"
GraphRAG,global,5,builtin15,Q01,multi,《大模型通识课》授课教师所在学院的行政负责人是谁？,doc04;doc06;doc02,doc02;doc04;doc06;doc07;doc08,1,1.0,1.0,1,"[{""doc"": ""doc02"", ""score"": 0.528815, ""detail"": ""社区 C1 教学与课程：人工智能学院设三个系，开设《大模型通识课》（AI2101，李文瀚主讲）与《知识图谱导论》（AI3305，赵婉晴主讲），AI3305 需先修《数据结构》。"", ""evidence"": true}, {""doc"": ""doc04"", ""score"": 0.528815, ""detail"": ""社区 C1 教学与课程：人工智能学院设三个系，开设《大模型通识课》（AI2101，李文瀚主讲）与《知识图谱导论》（AI3305，赵婉晴主讲），AI3305 需先修《数据结构》。"", ""evidence"": true}, {""doc"": ""doc06"", ""score"": 0.528815, ""detail"": ""社区 C1 教学与课程：人工智能学院设三个系，开设《大模型通识课》（AI2101，李文瀚主讲）与《知识图谱导论》（AI3305，赵婉晴主讲），AI3305 需先修《数据结构》。"", ""evidence"": true}, {""doc"": ""doc07"", ""score"": 0.528815, ""detail"": ""社区 C1 教学与课程：人工智能学院设三个系，开设《大模型通识课》（AI2101，李文瀚主讲）与《知识图谱导论》（AI3305，赵婉晴主讲），AI3305 需先修《数据结构》。"", ""evidence"": false}, {""doc"": ""doc08"", ""score"": 0.528815, ""detail"": ""社区 C1 教学与课程：人工智能学院设三个系，开设《大模型通识课》（AI2101，李文瀚主讲）与《知识图谱导论》（AI3305，赵婉晴主讲），AI3305 需先修《数据结构》。"", ""evidence"": false}]"
GraphRAG,global,5,builtin15,Q02,multi,AI 协会的指导教师主讲课程的课程代码是什么？,doc11;doc04;doc06,doc02;doc04;doc06;doc07;doc08,2,0.6666666666666666,0.5,0,"[{""doc"": ""doc02"", ""score"": 0.733584, ""detail"": ""社区 C1 教学与课程：人工智能学院设三个系，开设《大模型通识课》（AI2101，李文瀚主讲）与《知识图谱导论》（AI3305，赵婉晴主讲），AI3305 需先修《数据结构》。"", ""evidence"": false}, {""doc"": ""doc04"", ""score"": 0.733584, ""detail"": ""社区 C1 教学与课程：人工智能学院设三个系，开设《大模型通识课》（AI2101，李文瀚主讲）与《知识图谱导论》（AI3305，赵婉晴主讲），AI3305 需先修《数据结构》。"", ""evidence"": true}, {""doc"": ""doc06"", ""score"": 0.733584, ""detail"": ""社区 C1 教学与课程：人工智能学院设三个系，开设《大模型通识课》（AI2101，李文瀚主讲）与《知识图谱导论》（AI3305，赵婉晴主讲），AI3305 需先修《数据结构》。"", ""evidence"": true}, {""doc"": ""doc07"", ""score"": 0.733584, ""detail"": ""社区 C1 教学与课程：人工智能学院设三个系，开设《大模型通识课》（AI2101，李文瀚主讲）与《知识图谱导论》（AI3305，赵婉晴主讲），AI3305 需先修《数据结构》。"", ""evidence"": false}, {""doc"": ""doc08"", ""score"": 0.733584, ""detail"": ""社区 C1 教学与课程：人工智能学院设三个系，开设《大模型通识课》（AI2101，李文瀚主讲）与《知识图谱导论》（AI3305，赵婉晴主讲），AI3305 需先修《数据结构》。"", ""evidence"": false}]"
GraphRAG,global,5,builtin15,Q03,multi,认知计算全国重点实验室依托的学院成立于哪一年？,doc10;doc02,doc02;doc03;doc10;doc15;doc04,1,1.0,1.0,1,"[{""doc"": ""doc02"", ""score"": 0.62097, ""detail"": ""社区 C2 科研与国际：认知计算全国重点实验室依托人工智能学院，岭南超算中心由计算机学院参与共建；学院与新加坡南洋理工大学有联合培养项目。"", ""evidence"": true}, {""doc"": ""doc03"", ""score"": 0.62097, ""detail"": ""社区 C2 科研与国际：认知计算全国重点实验室依托人工智能学院，岭南超算中心由计算机学院参与共建；学院与新加坡南洋理工大学有联合培养项目。"", ""evidence"": false}, {""doc"": ""doc10"", ""score"": 0.62097, ""detail"": ""社区 C2 科研与国际：认知计算全国重点实验室依托人工智能学院，岭南超算中心由计算机学院参与共建；学院与新加坡南洋理工大学有联合培养项目。"", ""evidence"": true}, {""doc"": ""doc15"", ""score"": 0.62097, ""detail"": ""社区 C2 科研与国际：认知计算全国重点实验室依托人工智能学院，岭南超算中心由计算机学院参与共建；学院与新加坡南洋理工大学有联合培养项目。"", ""evidence"": false}, {""doc"": ""doc04"", ""score"": 0.412022, ""detail"": ""社区 C1 教学与课程：人工智能学院设三个系，开设《大模型通识课》（AI2101，李文瀚主讲）与《知识图谱导论》（AI3305，赵婉晴主讲），AI3305 需先修《数据结构》。"", ""evidence"": false}]"
GraphRAG,global,5,builtin15,Q04,multi,《知识图谱导论》授课教师的研究方向是什么？,doc07;doc04,doc02;doc04;doc06;doc07;doc08,2,1.0,0.5,1,"[{""doc"": ""doc02"", ""score"": 0.526289, ""detail"": ""社区 C1 教学与课程：人工智能学院设三个系，开设《大模型通识课》（AI2101，李文瀚主讲）与《知识图谱导论》（AI3305，赵婉晴主讲），AI3305 需先修《数据结构》。"", ""evidence"": false}, {""doc"": ""doc04"", ""score"": 0.526289, ""detail"": ""社区 C1 教学与课程：人工智能学院设三个系，开设《大模型通识课》（AI2101，李文瀚主讲）与《知识图谱导论》（AI3305，赵婉晴主讲），AI3305 需先修《数据结构》。"", ""evidence"": true}, {""doc"": ""doc06"", ""score"": 0.526289, ""detail"": ""社区 C1 教学与课程：人工智能学院设三个系，开设《大模型通识课》（AI2101，李文瀚主讲）与《知识图谱导论》（AI3305，赵婉晴主讲），AI3305 需先修《数据结构》。"", ""evidence"": false}, {""doc"": ""doc07"", ""score"": 0.526289, ""detail"": ""社区 C1 教学与课程：人工智能学院设三个系，开设《大模型通识课》（AI2101，李文瀚主讲）与《知识图谱导论》（AI3305，赵婉晴主讲），AI3305 需先修《数据结构》。"", ""evidence"": true}, {""doc"": ""doc08"", ""score"": 0.526289, ""detail"": ""社区 C1 教学与课程：人工智能学院设三个系，开设《大模型通识课》（AI2101，李文瀚主讲）与《知识图谱导论》（AI3305，赵婉晴主讲），AI3305 需先修《数据结构》。"", ""evidence"": false}]"
GraphRAG,global,5,builtin15,Q05,multi,机器人战队的指导教师的研究方向是什么？,doc11;doc04,doc02;doc04;doc06;doc07;doc08,2,0.5,0.5,0,"[{""doc"": ""doc02"", ""score"": 0.42753, ""detail"": ""社区 C1 教学与课程：人工智能学院设三个系，开设《大模型通识课》（AI2101，李文瀚主讲）与《知识图谱导论》（AI3305，赵婉晴主讲），AI3305 需先修《数据结构》。"", ""evidence"": false}, {""doc"": ""doc04"", ""score"": 0.42753, ""detail"": ""社区 C1 教学与课程：人工智能学院设三个系，开设《大模型通识课》（AI2101，李文瀚主讲）与《知识图谱导论》（AI3305，赵婉晴主讲），AI3305 需先修《数据结构》。"", ""evidence"": true}, {""doc"": ""doc06"", ""score"": 0.42753, ""detail"": ""社区 C1 教学与课程：人工智能学院设三个系，开设《大模型通识课》（AI2101，李文瀚主讲）与《知识图谱导论》（AI3305，赵婉晴主讲），AI3305 需先修《数据结构》。"", ""evidence"": false}, {""doc"": ""doc07"", ""score"": 0.42753, ""detail"": ""社区 C1 教学与课程：人工智能学院设三个系，开设《大模型通识课》（AI2101，李文瀚主讲）与《知识图谱导论》（AI3305，赵婉晴主讲），AI3305 需先修《数据结构》。"", ""evidence"": false}, {""doc"": ""doc08"", ""score"": 0.42753, ""detail"": ""社区 C1 教学与课程：人工智能学院设三个系，开设《大模型通识课》（AI2101，李文瀚主讲）与《知识图谱导论》（AI3305，赵婉晴主讲），AI3305 需先修《数据结构》。"", ""evidence"": false}]"
GraphRAG,global,5,builtin15,Q06,fact,云山大学的校训是什么？,doc01,doc02;doc03;doc10;doc15;doc09,0,0.0,0.0,0,"[{""doc"": ""doc02"", ""score"": 0.486101, ""detail"": ""社区 C2 科研与国际：认知计算全国重点实验室依托人工智能学院，岭南超算中心由计算机学院参与共建；学院与新加坡南洋理工大学有联合培养项目。"", ""evidence"": false}, {""doc"": ""doc03"", ""score"": 0.486101, ""detail"": ""社区 C2 科研与国际：认知计算全国重点实验室依托人工智能学院，岭南超算中心由计算机学院参与共建；学院与新加坡南洋理工大学有联合培养项目。"", ""evidence"": false}, {""doc"": ""doc10"", ""score"": 0.486101, ""detail"": ""社区 C2 科研与国际：认知计算全国重点实验室依托人工智能学院，岭南超算中心由计算机学院参与共建；学院与新加坡南洋理工大学有联合培养项目。"", ""evidence"": false}, {""doc"": ""doc15"", ""score"": 0.486101, ""detail"": ""社区 C2 科研与国际：认知计算全国重点实验室依托人工智能学院，岭南超算中心由计算机学院参与共建；学院与新加坡南洋理工大学有联合培养项目。"", ""evidence"": false}, {""doc"": ""doc09"", ""score"": 0.412953, ""detail"": ""社区 C3 学生生活：奖学金分国家（8000 元）、校长（20000 元）、云山一等（3000 元）三级；社团有 AI 协会与机器人战队，图书馆藏书 380 万册、7:00-22:00 开放。"", ""evidence"": false}]"
GraphRAG,global,5,builtin15,Q07,fact,国家奖学金的金额是多少？,doc09,doc09;doc11;doc13;doc02;doc03,1,1.0,1.0,1,"[{""doc"": ""doc09"", ""score"": 0.598928, ""detail"": ""社区 C3 学生生活：奖学金分国家（8000 元）、校长（20000 元）、云山一等（3000 元）三级；社团有 AI 协会与机器人战队，图书馆藏书 380 万册、7:00-22:00 开放。"", ""evidence"": true}, {""doc"": ""doc11"", ""score"": 0.598928, ""detail"": ""社区 C3 学生生活：奖学金分国家（8000 元）、校长（20000 元）、云山一等（3000 元）三级；社团有 AI 协会与机器人战队，图书馆藏书 380 万册、7:00-22:00 开放。"", ""evidence"": false}, {""doc"": ""doc13"", ""score"": 0.598928, ""detail"": ""社区 C3 学生生活：奖学金分国家（8000 元）、校长（20000 元）、云山一等（3000 元）三级；社团有 AI 协会与机器人战队，图书馆藏书 380 万册、7:00-22:00 开放。"", ""evidence"": false}, {""doc"": ""doc02"", ""score"": 0.252608, ""detail"": ""社区 C2 科研与国际：认知计算全国重点实验室依托人工智能学院，岭南超算中心由计算机学院参与共建；学院与新加坡南洋理工大学有联合培养项目。"", ""evidence"": false}, {""doc"": ""doc03"", ""score"": 0.252608, ""detail"": ""社区 C2 科研与国际：认知计算全国重点实验室依托人工智能学院，岭南超算中心由计算机学院参与共建；学院与新加坡南洋理工大学有联合培养项目。"", ""evidence"": false}]"
GraphRAG,global,5,builtin15,Q08,fact,图书馆每天几点到几点开放？,doc13,doc09;doc11;doc13;doc02;doc04,3,1.0,0.3333333333333333,1,"[{""doc"": ""doc09"", ""score"": 0.27667, ""detail"": ""社区 C3 学生生活：奖学金分国家（8000 元）、校长（20000 元）、云山一等（3000 元）三级；社团有 AI 协会与机器人战队，图书馆藏书 380 万册、7:00-22:00 开放。"", ""evidence"": false}, {""doc"": ""doc11"", ""score"": 0.27667, ""detail"": ""社区 C3 学生生活：奖学金分国家（8000 元）、校长（20000 元）、云山一等（3000 元）三级；社团有 AI 协会与机器人战队，图书馆藏书 380 万册、7:00-22:00 开放。"", ""evidence"": false}, {""doc"": ""doc13"", ""score"": 0.27667, ""detail"": ""社区 C3 学生生活：奖学金分国家（8000 元）、校长（20000 元）、云山一等（3000 元）三级；社团有 AI 协会与机器人战队，图书馆藏书 380 万册、7:00-22:00 开放。"", ""evidence"": true}, {""doc"": ""doc02"", ""score"": 0.136475, ""detail"": ""社区 C1 教学与课程：人工智能学院设三个系，开设《大模型通识课》（AI2101，李文瀚主讲）与《知识图谱导论》（AI3305，赵婉晴主讲），AI3305 需先修《数据结构》。"", ""evidence"": false}, {""doc"": ""doc04"", ""score"": 0.136475, ""detail"": ""社区 C1 教学与课程：人工智能学院设三个系，开设《大模型通识课》（AI2101，李文瀚主讲）与《知识图谱导论》（AI3305，赵婉晴主讲），AI3305 需先修《数据结构》。"", ""evidence"": false}]"
GraphRAG,global,5,builtin15,Q09,fact,人工智能学院成立于哪一年？,doc02,doc02;doc04;doc06;doc07;doc08,1,1.0,1.0,1,"[{""doc"": ""doc02"", ""score"": 0.60068, ""detail"": ""社区 C1 教学与课程：人工智能学院设三个系，开设《大模型通识课》（AI2101，李文瀚主讲）与《知识图谱导论》（AI3305，赵婉晴主讲），AI3305 需先修《数据结构》。"", ""evidence"": true}, {""doc"": ""doc04"", ""score"": 0.60068, ""detail"": ""社区 C1 教学与课程：人工智能学院设三个系，开设《大模型通识课》（AI2101，李文瀚主讲）与《知识图谱导论》（AI3305，赵婉晴主讲），AI3305 需先修《数据结构》。"", ""evidence"": false}, {""doc"": ""doc06"", ""score"": 0.60068, ""detail"": ""社区 C1 教学与课程：人工智能学院设三个系，开设《大模型通识课》（AI2101，李文瀚主讲）与《知识图谱导论》（AI3305，赵婉晴主讲），AI3305 需先修《数据结构》。"", ""evidence"": false}, {""doc"": ""doc07"", ""score"": 0.60068, ""detail"": ""社区 C1 教学与课程：人工智能学院设三个系，开设《大模型通识课》（AI2101，李文瀚主讲）与《知识图谱导论》（AI3305，赵婉晴主讲），AI3305 需先修《数据结构》。"", ""evidence"": false}, {""doc"": ""doc08"", ""score"": 0.60068, ""detail"": ""社区 C1 教学与课程：人工智能学院设三个系，开设《大模型通识课》（AI2101，李文瀚主讲）与《知识图谱导论》（AI3305，赵婉晴主讲），AI3305 需先修《数据结构》。"", ""evidence"": false}]"
GraphRAG,global,5,builtin15,Q10,fact,春季学期什么时候开学？,doc12,doc02;doc04;doc06;doc07;doc08,0,0.0,0.0,0,"[{""doc"": ""doc02"", ""score"": 0.222629, ""detail"": ""社区 C1 教学与课程：人工智能学院设三个系，开设《大模型通识课》（AI2101，李文瀚主讲）与《知识图谱导论》（AI3305，赵婉晴主讲），AI3305 需先修《数据结构》。"", ""evidence"": false}, {""doc"": ""doc04"", ""score"": 0.222629, ""detail"": ""社区 C1 教学与课程：人工智能学院设三个系，开设《大模型通识课》（AI2101，李文瀚主讲）与《知识图谱导论》（AI3305，赵婉晴主讲），AI3305 需先修《数据结构》。"", ""evidence"": false}, {""doc"": ""doc06"", ""score"": 0.222629, ""detail"": ""社区 C1 教学与课程：人工智能学院设三个系，开设《大模型通识课》（AI2101，李文瀚主讲）与《知识图谱导论》（AI3305，赵婉晴主讲），AI3305 需先修《数据结构》。"", ""evidence"": false}, {""doc"": ""doc07"", ""score"": 0.222629, ""detail"": ""社区 C1 教学与课程：人工智能学院设三个系，开设《大模型通识课》（AI2101，李文瀚主讲）与《知识图谱导论》（AI3305，赵婉晴主讲），AI3305 需先修《数据结构》。"", ""evidence"": false}, {""doc"": ""doc08"", ""score"": 0.222629, ""detail"": ""社区 C1 教学与课程：人工智能学院设三个系，开设《大模型通识课》（AI2101，李文瀚主讲）与《知识图谱导论》（AI3305，赵婉晴主讲），AI3305 需先修《数据结构》。"", ""evidence"": false}]"
GraphRAG,global,5,builtin15,Q11,global,云山大学有哪些科研平台？分别依托谁建设？,doc10;doc02;doc03,doc02;doc03;doc10;doc15;doc04,1,1.0,1.0,1,"[{""doc"": ""doc02"", ""score"": 0.570326, ""detail"": ""社区 C2 科研与国际：认知计算全国重点实验室依托人工智能学院，岭南超算中心由计算机学院参与共建；学院与新加坡南洋理工大学有联合培养项目。"", ""evidence"": true}, {""doc"": ""doc03"", ""score"": 0.570326, ""detail"": ""社区 C2 科研与国际：认知计算全国重点实验室依托人工智能学院，岭南超算中心由计算机学院参与共建；学院与新加坡南洋理工大学有联合培养项目。"", ""evidence"": true}, {""doc"": ""doc10"", ""score"": 0.570326, ""detail"": ""社区 C2 科研与国际：认知计算全国重点实验室依托人工智能学院，岭南超算中心由计算机学院参与共建；学院与新加坡南洋理工大学有联合培养项目。"", ""evidence"": true}, {""doc"": ""doc15"", ""score"": 0.570326, ""detail"": ""社区 C2 科研与国际：认知计算全国重点实验室依托人工智能学院，岭南超算中心由计算机学院参与共建；学院与新加坡南洋理工大学有联合培养项目。"", ""evidence"": false}, {""doc"": ""doc04"", ""score"": 0.387907, ""detail"": ""社区 C1 教学与课程：人工智能学院设三个系，开设《大模型通识课》（AI2101，李文瀚主讲）与《知识图谱导论》（AI3305，赵婉晴主讲），AI3305 需先修《数据结构》。"", ""evidence"": false}]"
GraphRAG,global,5,builtin15,Q12,global,学校的学生奖励体系包含哪些项目？,doc09,doc09;doc11;doc13;doc02;doc04,1,1.0,1.0,1,"[{""doc"": ""doc09"", ""score"": 0.479209, ""detail"": ""社区 C3 学生生活：奖学金分国家（8000 元）、校长（20000 元）、云山一等（3000 元）三级；社团有 AI 协会与机器人战队，图书馆藏书 380 万册、7:00-22:00 开放。"", ""evidence"": true}, {""doc"": ""doc11"", ""score"": 0.479209, ""detail"": ""社区 C3 学生生活：奖学金分国家（8000 元）、校长（20000 元）、云山一等（3000 元）三级；社团有 AI 协会与机器人战队，图书馆藏书 380 万册、7:00-22:00 开放。"", ""evidence"": false}, {""doc"": ""doc13"", ""score"": 0.479209, ""detail"": ""社区 C3 学生生活：奖学金分国家（8000 元）、校长（20000 元）、云山一等（3000 元）三级；社团有 AI 协会与机器人战队，图书馆藏书 380 万册、7:00-22:00 开放。"", ""evidence"": false}, {""doc"": ""doc02"", ""score"": 0.363915, ""detail"": ""社区 C1 教学与课程：人工智能学院设三个系，开设《大模型通识课》（AI2101，李文瀚主讲）与《知识图谱导论》（AI3305，赵婉晴主讲），AI3305 需先修《数据结构》。"", ""evidence"": false}, {""doc"": ""doc04"", ""score"": 0.363915, ""detail"": ""社区 C1 教学与课程：人工智能学院设三个系，开设《大模型通识课》（AI2101，李文瀚主讲）与《知识图谱导论》（AI3305，赵婉晴主讲），AI3305 需先修《数据结构》。"", ""evidence"": false}]"
GraphRAG,global,5,builtin15,Q13,global,人工智能学院有哪些教师？各自做什么研究方向？,doc04,doc02;doc04;doc06;doc07;doc08,2,1.0,0.5,1,"[{""doc"": ""doc02"", ""score"": 0.702628, ""detail"": ""社区 C1 教学与课程：人工智能学院设三个系，开设《大模型通识课》（AI2101，李文瀚主讲）与《知识图谱导论》（AI3305，赵婉晴主讲），AI3305 需先修《数据结构》。"", ""evidence"": false}, {""doc"": ""doc04"", ""score"": 0.702628, ""detail"": ""社区 C1 教学与课程：人工智能学院设三个系，开设《大模型通识课》（AI2101，李文瀚主讲）与《知识图谱导论》（AI3305，赵婉晴主讲），AI3305 需先修《数据结构》。"", ""evidence"": true}, {""doc"": ""doc06"", ""score"": 0.702628, ""detail"": ""社区 C1 教学与课程：人工智能学院设三个系，开设《大模型通识课》（AI2101，李文瀚主讲）与《知识图谱导论》（AI3305，赵婉晴主讲），AI3305 需先修《数据结构》。"", ""evidence"": false}, {""doc"": ""doc07"", ""score"": 0.702628, ""detail"": ""社区 C1 教学与课程：人工智能学院设三个系，开设《大模型通识课》（AI2101，李文瀚主讲）与《知识图谱导论》（AI3305，赵婉晴主讲），AI3305 需先修《数据结构》。"", ""evidence"": false}, {""doc"": ""doc08"", ""score"": 0.702628, ""detail"": ""社区 C1 教学与课程：人工智能学院设三个系，开设《大模型通识课》（AI2101，李文瀚主讲）与《知识图谱导论》（AI3305，赵婉晴主讲），AI3305 需先修《数据结构》。"", ""evidence"": false}]"
GraphRAG,global,5,builtin15,Q14,global,本科生选课有哪些限制和先修要求？,doc08,doc02;doc04;doc06;doc07;doc08,5,1.0,0.2,1,"[{""doc"": ""doc02"", ""score"": 0.350276, ""detail"": ""社区 C1 教学与课程：人工智能学院设三个系，开设《大模型通识课》（AI2101，李文瀚主讲）与《知识图谱导论》（AI3305，赵婉晴主讲），AI3305 需先修《数据结构》。"", ""evidence"": false}, {""doc"": ""doc04"", ""score"": 0.350276, ""detail"": ""社区 C1 教学与课程：人工智能学院设三个系，开设《大模型通识课》（AI2101，李文瀚主讲）与《知识图谱导论》（AI3305，赵婉晴主讲），AI3305 需先修《数据结构》。"", ""evidence"": false}, {""doc"": ""doc06"", ""score"": 0.350276, ""detail"": ""社区 C1 教学与课程：人工智能学院设三个系，开设《大模型通识课》（AI2101，李文瀚主讲）与《知识图谱导论》（AI3305，赵婉晴主讲），AI3305 需先修《数据结构》。"", ""evidence"": false}, {""doc"": ""doc07"", ""score"": 0.350276, ""detail"": ""社区 C1 教学与课程：人工智能学院设三个系，开设《大模型通识课》（AI2101，李文瀚主讲）与《知识图谱导论》（AI3305，赵婉晴主讲），AI3305 需先修《数据结构》。"", ""evidence"": false}, {""doc"": ""doc08"", ""score"": 0.350276, ""detail"": ""社区 C1 教学与课程：人工智能学院设三个系，开设《大模型通识课》（AI2101，李文瀚主讲）与《知识图谱导论》（AI3305，赵婉晴主讲），AI3305 需先修《数据结构》。"", ""evidence"": true}]"
GraphRAG,global,5,builtin15,Q15,global,对想深入学习大模型的学生，学校提供哪些课程和课外活动？,doc06;doc11,doc02;doc04;doc06;doc07;doc08,3,0.5,0.3333333333333333,0,"[{""doc"": ""doc02"", ""score"": 0.52265, ""detail"": ""社区 C1 教学与课程：人工智能学院设三个系，开设《大模型通识课》（AI2101，李文瀚主讲）与《知识图谱导论》（AI3305，赵婉晴主讲），AI3305 需先修《数据结构》。"", ""evidence"": false}, {""doc"": ""doc04"", ""score"": 0.52265, ""detail"": ""社区 C1 教学与课程：人工智能学院设三个系，开设《大模型通识课》（AI2101，李文瀚主讲）与《知识图谱导论》（AI3305，赵婉晴主讲），AI3305 需先修《数据结构》。"", ""evidence"": false}, {""doc"": ""doc06"", ""score"": 0.52265, ""detail"": ""社区 C1 教学与课程：人工智能学院设三个系，开设《大模型通识课》（AI2101，李文瀚主讲）与《知识图谱导论》（AI3305，赵婉晴主讲），AI3305 需先修《数据结构》。"", ""evidence"": true}, {""doc"": ""doc07"", ""score"": 0.52265, ""detail"": ""社区 C1 教学与课程：人工智能学院设三个系，开设《大模型通识课》（AI2101，李文瀚主讲）与《知识图谱导论》（AI3305，赵婉晴主讲），AI3305 需先修《数据结构》。"", ""evidence"": false}, {""doc"": ""doc08"", ""score"": 0.52265, ""detail"": ""社区 C1 教学与课程：人工智能学院设三个系，开设《大模型通识课》（AI2101，李文瀚主讲）与《知识图谱导论》（AI3305，赵婉晴主讲），AI3305 需先修《数据结构》。"", ""evidence"": false}]"
